timestamp,brawler_id,brawler_name,trophies,highest_trophies,power,rank,gadgets_owned,star_powers_owned,hypercharge_owned,prestige_level,current_win_streak,max_win_streak,buffy_gadget,buffy_star_power,buffy_hyper_charge,gadget_names,star_power_names,hypercharge_names
2026-09-18T13:19:29+00:00,16000000,SHELLY,521,521,6,3,0,0,0,,,,,,,,,
2026-09-18T13:19:29+00:00,16000001,COLT,550,550,7,3,1,0,0,,,,,,,,,
2026-09-18T13:19:29+00:00,16000002,BULL,510,510,6,3,0,0,0,,,,,,,,,
2026-09-18T13:19:29+00:00,16000003,BROCK,545,545,7,3,0,0,0,,,,,,,,,
2026-09-18T13:19:29+00:00,16000004,RICO,507,511,6,3,0,0,1,,,,,,,,,
2026-09-18T13:19:29+00:00,16000006,BARLEY,503,503,6,3,0,0,0,,,,,,,,,
2026-09-18T13:19:29+00:00,16000007,JESSIE,505,515,6,3,0,0,0,,,,,,,,,
2026-09-18T13:19:29+00:00,16000008,NITA,1000,1025,11,5,2,2,1,,,,,,,,,
2026-09-18T13:19:29+00:00,16000009,DYNAMIKE,506,511,6,3,0,0,1,,,,,,,,,
2026-09-18T13:19:29+00:00,16000010,EL PRIMO,500,508,7,3,2,0,1,,,,,,,,,
2026-09-18T13:19:29+00:00,16000011,MORTIS,754,754,9,4,2,2,0,,,,,,,,,
2026-09-18T13:19:29+00:00,16000012,CROW,510,510,8,3,2,0,0,,,,,,,,,
2026-09-18T13:19:29+00:00,16000013,POCO,504,504,6,3,0,0,0,,,,,,,,,
2026-09-18T13:19:29+00:00,16000014,BO,511,511,6,3,0,0,1,,,,,,,,,
2026-09-18T13:19:29+00:00,16000015,PIPER,512,512,6,3,0,0,0,,,,,,,,,
2026-09-18T13:19:29+00:00,16000016,PAM,506,506,6,3,0,0,0,,,,,,,,,
2026-09-18T13:19:29+00:00,16000017,TARA,506,506,7,3,2,0,0,,,,,,,,,
2026-09-18T13:19:29+00:00,16000018,DARRYL,770,784,9,4,2,2,0,,,,,,,,,
2026-09-18T13:19:29+00:00,16000019,PENNY,514,514,6,3,0,0,0,,,,,,,,,
2026-09-18T13:19:29+00:00,16000020,FRANK,512,512,7,3,2,0,0,,,,,,,,,
2026-09-18T13:19:29+00:00,16000022,TICK,501,501,6,3,0,0,0,,,,,,,,,
2026-09-18T13:19:29+00:00,16000024,ROSA,501,506,6,3,0,0,0,,,,,,,,,
2026-09-18T13:19:29+00:00,16000025,CARL,510,510,7,3,2,0,1,,,,,,,,,
2026-09-18T13:19:29+00:00,16000026,BIBI,501,501,6,3,0,0,0,,,,,,,,,
2026-09-18T13:19:29+00:00,16000027,8-BIT,1011,1011,11,5,2,2,1,,,,,,,,,
2026-09-18T13:19:29+00:00,16000029,BEA,502,502,7,3,1,0,1,,,,,,,,,
2026-09-18T13:19:29+00:00,16000030,EMZ,751,751,9,4,2,2,1,,,,,,,,,
2026-09-18T13:19:29+00:00,16000032,MAX,314,314,6,2,0,0,1,,,,,,,,,
2026-09-18T13:19:29+00:00,16000034,JACKY,502,502,6,3,0,0,0,,,,,,,,,
2026-09-18T13:19:29+00:00,16000035,GALE,502,502,8,3,1,0,0,,,,,,,,,
2026-09-18T13:19:29+00:00,16000036,NANI,509,509,6,3,0,0,0,,,,,,,,,
2026-09-18T13:19:29+00:00,16000037,SPROUT,15,15,6,1,0,0,1,,,,,,,,,
2026-09-18T13:19:29+00:00,16000040,AMBER,753,753,9,4,2,2,0,,,,,,,,,
2026-09-18T13:19:29+00:00,16000041,LOU,256,256,6,2,0,0,0,,,,,,,,,
2026-09-18T13:19:29+00:00,16000043,EDGAR,1011,1011,9,5,1,2,0,,,,,,,,,
2026-09-18T13:19:29+00:00,16000045,STU,500,500,6,3,0,0,0,,,,,,,,,
2026-09-18T13:19:29+00:00,16000048,GROM,13,13,6,1,0,0,0,,,,,,,,,
2026-09-18T13:19:29+00:00,16000050,GRIFF,1002,1002,9,5,2,2,0,,,,,,,,,
2026-09-18T13:19:29+00:00,16000051,ASH,507,507,6,3,0,0,0,,,,,,,,,
2026-09-18T13:19:29+00:00,16000053,LOLA,500,500,6,3,0,0,0,,,,,,,,,
2026-09-18T13:19:29+00:00,16000056,EVE,259,259,6,2,0,0,0,,,,,,,,,
2026-09-18T13:19:29+00:00,16000058,BONNIE,507,507,6,3,0,0,1,,,,,,,,,
2026-09-18T13:19:29+00:00,16000060,SAM,503,503,6,3,0,0,0,,,,,,,,,
2026-09-18T13:19:29+00:00,16000061,GUS,505,505,7,3,0,0,1,,,,,,,,,
2026-09-18T13:19:29+00:00,16000065,MANDY,474,474,6,2,0,0,0,,,,,,,,,
2026-09-18T13:19:29+00:00,16000068,MAISIE,327,327,6,2,0,0,0,,,,,,,,,
2026-09-18T13:19:29+00:00,16000074,CHARLIE,261,261,6,2,0,0,1,,,,,,,,,
2026-09-18T13:19:29+00:00,16000077,LARRY & LAWRIE,0,0,6,1,0,0,0,,,,,,,,,
2026-09-18T13:19:29+00:00,16000082,BERRY,0,0,6,1,0,0,0,,,,,,,,,
2026-09-18T13:19:29+00:00,16000086,SHADE,1013,1013,8,5,1,0,0,,,,,,,,,
2026-09-18T13:19:29+00:00,16000089,MEEPLE,504,504,7,3,1,0,0,,,,,,,,,
2026-09-18T13:19:29+00:00,16000090,OLLIE,255,255,6,2,0,0,0,,,,,,,,,
2026-09-18T13:19:29+00:00,16000091,LUMI,811,811,9,4,1,2,0,,,,,,,,,
2026-09-18T13:19:29+00:00,16000092,FINX,1090,1093,9,5,1,2,0,,,,,,,,,
2026-09-18T13:19:29+00:00,16000093,JAE-YONG,517,517,8,3,1,0,0,,,,,,,,,
2026-09-18T13:19:29+00:00,16000094,KAZE,554,554,11,3,2,2,1,,,,,,,,,
2026-09-18T13:19:29+00:00,16000095,ALLI,0,0,8,1,1,0,0,,,,,,,,,
2026-09-18T13:19:29+00:00,16000096,TRUNK,261,262,6,2,0,0,0,,,,,,,,,
2026-09-18T13:19:29+00:00,16000100,GIGI,313,313,6,2,0,0,0,,,,,,,,,
2026-09-18T13:19:29+00:00,16000102,SIRIUS,906,906,11,4,1,2,0,,,,,,,,,
2026-09-18T13:19:29+00:00,16000104,DAMIAN,157,157,7,1,2,0,0,,,,,,,,,
2026-09-18T13:19:29+00:00,16000105,STARR NOVA,1016,1016,11,5,2,2,1,,,,,,,,,
2026-09-18T13:19:29+00:00,16000106,BOLT,260,260,6,2,0,0,1,,,,,,,,,
2026-09-18T13:19:29+00:00,16000107,NORI,1003,1003,11,5,1,2,1,,,,,,,,,
2026-09-18T13:19:29+00:00,16000108,WENDY,1005,1005,11,5,1,2,1,,,,,,,,,
2026-09-19T12:06:03+00:00,16000000,SHELLY,521,521,6,3,0,0,0,,,,,,,,,
2026-09-19T12:06:03+00:00,16000001,COLT,550,550,7,3,1,0,0,,,,,,,,,
2026-09-19T12:06:03+00:00,16000002,BULL,510,510,6,3,0,0,0,,,,,,,,,
2026-09-19T12:06:03+00:00,16000003,BROCK,545,545,7,3,0,0,0,,,,,,,,,
2026-09-19T12:06:03+00:00,16000004,RICO,507,511,6,3,0,0,1,,,,,,,,,
2026-09-19T12:06:03+00:00,16000006,BARLEY,503,503,6,3,0,0,0,,,,,,,,,
2026-09-19T12:06:03+00:00,16000007,JESSIE,505,515,6,3,0,0,0,,,,,,,,,
2026-09-19T12:06:03+00:00,16000008,NITA,1000,1025,11,5,2,2,1,,,,,,,,,
2026-09-19T12:06:03+00:00,16000009,DYNAMIKE,506,511,6,3,0,0,1,,,,,,,,,
2026-09-19T12:06:03+00:00,16000010,EL PRIMO,500,508,7,3,2,0,1,,,,,,,,,
2026-09-19T12:06:03+00:00,16000011,MORTIS,754,754,9,4,2,2,0,,,,,,,,,
2026-09-19T12:06:03+00:00,16000012,CROW,510,510,8,3,2,0,0,,,,,,,,,
2026-09-19T12:06:03+00:00,16000013,POCO,504,504,6,3,0,0,0,,,,,,,,,
2026-09-19T12:06:03+00:00,16000014,BO,511,511,6,3,0,0,1,,,,,,,,,
2026-09-19T12:06:03+00:00,16000015,PIPER,512,512,6,3,0,0,0,,,,,,,,,
2026-09-19T12:06:03+00:00,16000016,PAM,506,506,6,3,0,0,0,,,,,,,,,
2026-09-19T12:06:03+00:00,16000017,TARA,506,506,7,3,2,0,0,,,,,,,,,
2026-09-19T12:06:03+00:00,16000018,DARRYL,770,784,9,4,2,2,0,,,,,,,,,
2026-09-19T12:06:03+00:00,16000019,PENNY,514,514,6,3,0,0,0,,,,,,,,,
2026-09-19T12:06:03+00:00,16000020,FRANK,512,512,7,3,2,0,0,,,,,,,,,
2026-09-19T12:06:03+00:00,16000022,TICK,501,501,6,3,0,0,0,,,,,,,,,
2026-09-19T12:06:03+00:00,16000024,ROSA,501,506,6,3,0,0,0,,,,,,,,,
2026-09-19T12:06:03+00:00,16000025,CARL,510,510,7,3,2,0,1,,,,,,,,,
2026-09-19T12:06:03+00:00,16000026,BIBI,501,501,6,3,0,0,0,,,,,,,,,
2026-09-19T12:06:03+00:00,16000027,8-BIT,1011,1011,11,5,2,2,1,,,,,,,,,
2026-09-19T12:06:03+00:00,16000029,BEA,502,502,7,3,1,0,1,,,,,,,,,
2026-09-19T12:06:03+00:00,16000030,EMZ,751,751,9,4,2,2,1,,,,,,,,,
2026-09-19T12:06:03+00:00,16000032,MAX,373,373,6,2,0,0,1,,,,,,,,,
2026-09-19T12:06:03+00:00,16000034,JACKY,502,502,6,3,0,0,0,,,,,,,,,
2026-09-19T12:06:03+00:00,16000035,GALE,502,502,8,3,1,0,0,,,,,,,,,
2026-09-19T12:06:03+00:00,16000036,NANI,509,509,6,3,0,0,0,,,,,,,,,
2026-09-19T12:06:03+00:00,16000037,SPROUT,15,15,6,1,0,0,1,,,,,,,,,
2026-09-19T12:06:03+00:00,16000040,AMBER,753,753,9,4,2,2,0,,,,,,,,,
2026-09-19T12:06:03+00:00,16000041,LOU,256,256,6,2,0,0,0,,,,,,,,,
2026-09-19T12:06:03+00:00,16000043,EDGAR,1011,1011,9,5,1,2,0,,,,,,,,,
2026-09-19T12:06:03+00:00,16000045,STU,500,500,6,3,0,0,0,,,,,,,,,
2026-09-19T12:06:03+00:00,16000048,GROM,13,13,6,1,0,0,0,,,,,,,,,
2026-09-19T12:06:03+00:00,16000050,GRIFF,1002,1002,9,5,2,2,0,,,,,,,,,
2026-09-19T12:06:03+00:00,16000051,ASH,507,507,6,3,0,0,0,,,,,,,,,
2026-09-19T12:06:03+00:00,16000053,LOLA,500,500,6,3,0,0,0,,,,,,,,,
2026-09-19T12:06:03+00:00,16000056,EVE,259,259,6,2,0,0,0,,,,,,,,,
2026-09-19T12:06:03+00:00,16000058,BONNIE,507,507,6,3,0,0,1,,,,,,,,,
2026-09-19T12:06:03+00:00,16000060,SAM,503,503,6,3,0,0,0,,,,,,,,,
2026-09-19T12:06:03+00:00,16000061,GUS,505,505,7,3,0,0,1,,,,,,,,,
2026-09-19T12:06:03+00:00,16000065,MANDY,504,504,6,3,0,0,0,,,,,,,,,
2026-09-19T12:06:03+00:00,16000068,MAISIE,438,438,6,2,0,0,0,,,,,,,,,
2026-09-19T12:06:03+00:00,16000074,CHARLIE,261,261,6,2,0,0,1,,,,,,,,,
2026-09-19T12:06:03+00:00,16000077,LARRY & LAWRIE,0,0,6,1,0,0,0,,,,,,,,,
2026-09-19T12:06:03+00:00,16000082,BERRY,0,0,6,1,0,0,0,,,,,,,,,
2026-09-19T12:06:03+00:00,16000086,SHADE,1013,1013,8,5,1,0,0,,,,,,,,,
2026-09-19T12:06:03+00:00,16000089,MEEPLE,504,504,7,3,1,0,0,,,,,,,,,
2026-09-19T12:06:03+00:00,16000090,OLLIE,255,255,6,2,0,0,0,,,,,,,,,
2026-09-19T12:06:03+00:00,16000091,LUMI,811,811,9,4,1,2,0,,,,,,,,,
2026-09-19T12:06:03+00:00,16000092,FINX,1090,1093,9,5,1,2,0,,,,,,,,,
2026-09-19T12:06:03+00:00,16000093,JAE-YONG,517,517,8,3,1,0,0,,,,,,,,,
2026-09-19T12:06:03+00:00,16000094,KAZE,554,554,11,3,2,2,1,,,,,,,,,
2026-09-19T12:06:03+00:00,16000095,ALLI,0,0,8,1,1,0,0,,,,,,,,,
2026-09-19T12:06:03+00:00,16000096,TRUNK,261,262,6,2,0,0,0,,,,,,,,,
2026-09-19T12:06:03+00:00,16000100,GIGI,313,313,6,2,0,0,0,,,,,,,,,
2026-09-19T12:06:03+00:00,16000102,SIRIUS,906,906,11,4,1,2,0,,,,,,,,,
2026-09-19T12:06:03+00:00,16000104,DAMIAN,157,157,7,1,2,0,0,,,,,,,,,
2026-09-19T12:06:03+00:00,16000105,STARR NOVA,1016,1016,11,5,2,2,1,,,,,,,,,
2026-09-19T12:06:03+00:00,16000106,BOLT,260,260,6,2,0,0,1,,,,,,,,,
2026-09-19T12:06:03+00:00,16000107,NORI,1003,1003,11,5,1,2,1,,,,,,,,,
2026-09-19T12:06:03+00:00,16000108,WENDY,1005,1005,11,5,1,2,1,,,,,,,,,
2026-09-20T12:41:15+00:00,16000000,SHELLY,521,521,6,3,0,0,0,,,,,,,,,
2026-09-20T12:41:15+00:00,16000001,COLT,550,550,7,3,1,0,0,,,,,,,,,
2026-09-20T12:41:15+00:00,16000002,BULL,510,510,6,3,0,0,0,,,,,,,,,
2026-09-20T12:41:15+00:00,16000003,BROCK,545,545,7,3,0,0,0,,,,,,,,,
2026-09-20T12:41:15+00:00,16000004,RICO,507,511,6,3,0,0,1,,,,,,,,,
2026-09-20T12:41:15+00:00,16000006,BARLEY,503,503,6,3,0,0,0,,,,,,,,,
2026-09-20T12:41:15+00:00,16000007,JESSIE,505,515,6,3,0,0,0,,,,,,,,,
2026-09-20T12:41:15+00:00,16000008,NITA,1000,1025,11,5,2,2,1,,,,,,,,,
2026-09-20T12:41:15+00:00,16000009,DYNAMIKE,506,511,6,3,0,0,1,,,,,,,,,
2026-09-20T12:41:15+00:00,16000010,EL PRIMO,500,508,7,3,2,0,1,,,,,,,,,
2026-09-20T12:41:15+00:00,16000011,MORTIS,754,754,9,4,2,2,0,,,,,,,,,
2026-09-20T12:41:15+00:00,16000012,CROW,510,510,8,3,2,0,0,,,,,,,,,
2026-09-20T12:41:15+00:00,16000013,POCO,504,504,6,3,0,0,0,,,,,,,,,
2026-09-20T12:41:15+00:00,16000014,BO,511,511,6,3,0,0,1,,,,,,,,,
2026-09-20T12:41:15+00:00,16000015,PIPER,512,512,6,3,0,0,0,,,,,,,,,
2026-09-20T12:41:15+00:00,16000016,PAM,506,506,6,3,0,0,0,,,,,,,,,
2026-09-20T12:41:15+00:00,16000017,TARA,506,506,7,3,2,0,0,,,,,,,,,
2026-09-20T12:41:15+00:00,16000018,DARRYL,770,784,9,4,2,2,0,,,,,,,,,
2026-09-20T12:41:15+00:00,16000019,PENNY,514,514,6,3,0,0,0,,,,,,,,,
2026-09-20T12:41:15+00:00,16000020,FRANK,512,512,7,3,2,0,0,,,,,,,,,
2026-09-20T12:41:15+00:00,16000022,TICK,501,501,6,3,0,0,0,,,,,,,,,
2026-09-20T12:41:15+00:00,16000024,ROSA,501,506,6,3,0,0,0,,,,,,,,,
2026-09-20T12:41:15+00:00,16000025,CARL,510,510,7,3,2,0,1,,,,,,,,,
2026-09-20T12:41:15+00:00,16000026,BIBI,501,501,6,3,0,0,0,,,,,,,,,
2026-09-20T12:41:15+00:00,16000027,8-BIT,1011,1011,11,5,2,2,1,,,,,,,,,
2026-09-20T12:41:15+00:00,16000029,BEA,502,502,7,3,1,0,1,,,,,,,,,
2026-09-20T12:41:15+00:00,16000030,EMZ,751,751,9,4,2,2,1,,,,,,,,,
2026-09-20T12:41:15+00:00,16000032,MAX,373,373,6,2,0,0,1,,,,,,,,,
2026-09-20T12:41:15+00:00,16000034,JACKY,502,502,6,3,0,0,0,,,,,,,,,
2026-09-20T12:41:15+00:00,16000035,GALE,502,502,8,3,1,0,0,,,,,,,,,
2026-09-20T12:41:15+00:00,16000036,NANI,509,509,6,3,0,0,0,,,,,,,,,
2026-09-20T12:41:15+00:00,16000037,SPROUT,15,15,6,1,0,0,1,,,,,,,,,
2026-09-20T12:41:15+00:00,16000040,AMBER,753,753,9,4,2,2,0,,,,,,,,,
2026-09-20T12:41:15+00:00,16000041,LOU,256,256,6,2,0,0,0,,,,,,,,,
2026-09-20T12:41:15+00:00,16000043,EDGAR,1011,1011,9,5,2,2,0,,,,,,,,,
2026-09-20T12:41:15+00:00,16000045,STU,500,500,6,3,0,0,0,,,,,,,,,
2026-09-20T12:41:15+00:00,16000048,GROM,13,13,6,1,0,0,0,,,,,,,,,
2026-09-20T12:41:15+00:00,16000050,GRIFF,1002,1002,9,5,2,2,0,,,,,,,,,
2026-09-20T12:41:15+00:00,16000051,ASH,507,507,6,3,0,0,0,,,,,,,,,
2026-09-20T12:41:15+00:00,16000053,LOLA,500,500,6,3,0,0,0,,,,,,,,,
2026-09-20T12:41:15+00:00,16000056,EVE,259,259,6,2,0,0,0,,,,,,,,,
2026-09-20T12:41:15+00:00,16000058,BONNIE,507,507,6,3,0,0,1,,,,,,,,,
2026-09-20T12:41:15+00:00,16000060,SAM,503,503,6,3,0,0,0,,,,,,,,,
2026-09-20T12:41:15+00:00,16000061,GUS,505,505,7,3,0,0,1,,,,,,,,,
2026-09-20T12:41:15+00:00,16000065,MANDY,504,504,6,3,0,0,0,,,,,,,,,
2026-09-20T12:41:15+00:00,16000068,MAISIE,508,508,6,3,0,0,0,,,,,,,,,
2026-09-20T12:41:15+00:00,16000074,CHARLIE,261,261,6,2,0,0,1,,,,,,,,,
2026-09-20T12:41:15+00:00,16000077,LARRY & LAWRIE,208,208,6,1,0,0,0,,,,,,,,,
2026-09-20T12:41:15+00:00,16000082,BERRY,0,0,6,1,0,0,0,,,,,,,,,
2026-09-20T12:41:15+00:00,16000086,SHADE,1013,1013,8,5,1,0,0,,,,,,,,,
2026-09-20T12:41:15+00:00,16000089,MEEPLE,504,504,7,3,1,0,0,,,,,,,,,
2026-09-20T12:41:15+00:00,16000090,OLLIE,255,255,6,2,0,0,0,,,,,,,,,
2026-09-20T12:41:15+00:00,16000091,LUMI,811,811,9,4,1,2,0,,,,,,,,,
2026-09-20T12:41:15+00:00,16000092,FINX,1090,1093,9,5,1,2,0,,,,,,,,,
2026-09-20T12:41:15+00:00,16000093,JAE-YONG,517,517,8,3,1,0,0,,,,,,,,,
2026-09-20T12:41:15+00:00,16000094,KAZE,554,554,11,3,2,2,1,,,,,,,,,
2026-09-20T12:41:15+00:00,16000095,ALLI,0,0,8,1,1,0,0,,,,,,,,,
2026-09-20T12:41:15+00:00,16000096,TRUNK,261,262,6,2,0,0,0,,,,,,,,,
2026-09-20T12:41:15+00:00,16000100,GIGI,313,313,6,2,0,0,0,,,,,,,,,
2026-09-20T12:41:15+00:00,16000102,SIRIUS,906,906,11,4,1,2,0,,,,,,,,,
2026-09-20T12:41:15+00:00,16000104,DAMIAN,157,157,7,1,2,0,0,,,,,,,,,
2026-09-20T12:41:15+00:00,16000105,STARR NOVA,1016,1016,11,5,2,2,1,,,,,,,,,
2026-09-20T12:41:15+00:00,16000106,BOLT,260,260,6,2,0,0,1,,,,,,,,,
2026-09-20T12:41:15+00:00,16000107,NORI,1003,1003,11,5,1,2,1,,,,,,,,,
2026-09-20T12:41:15+00:00,16000108,WENDY,1005,1005,11,5,1,2,1,,,,,,,,,
2026-09-21T14:36:50+00:00,16000000,SHELLY,521,521,6,3,0,0,0,,,,,,,,,
2026-09-21T14:36:50+00:00,16000001,COLT,550,550,7,3,1,0,0,,,,,,,,,
2026-09-21T14:36:50+00:00,16000002,BULL,510,510,6,3,0,0,0,,,,,,,,,
2026-09-21T14:36:50+00:00,16000003,BROCK,545,545,7,3,0,0,0,,,,,,,,,
2026-09-21T14:36:50+00:00,16000004,RICO,507,511,7,3,0,0,1,,,,,,,,,
2026-09-21T14:36:50+00:00,16000006,BARLEY,503,503,6,3,0,0,0,,,,,,,,,
2026-09-21T14:36:50+00:00,16000007,JESSIE,505,515,6,3,0,0,0,,,,,,,,,
2026-09-21T14:36:50+00:00,16000008,NITA,1000,1025,11,5,2,2,1,,,,,,,,,
2026-09-21T14:36:50+00:00,16000009,DYNAMIKE,506,511,6,3,0,0,1,,,,,,,,,
2026-09-21T14:36:50+00:00,16000010,EL PRIMO,500,508,7,3,2,0,1,,,,,,,,,
2026-09-21T14:36:50+00:00,16000011,MORTIS,754,754,9,4,2,2,0,,,,,,,,,
2026-09-21T14:36:50+00:00,16000012,CROW,510,510,8,3,2,0,0,,,,,,,,,
2026-09-21T14:36:50+00:00,16000013,POCO,504,504,7,3,0,0,0,,,,,,,,,
2026-09-21T14:36:50+00:00,16000014,BO,511,511,7,3,0,0,1,,,,,,,,,
2026-09-21T14:36:50+00:00,16000015,PIPER,512,512,6,3,0,0,0,,,,,,,,,
2026-09-21T14:36:50+00:00,16000016,PAM,506,506,6,3,0,0,0,,,,,,,,,
2026-09-21T14:36:50+00:00,16000017,TARA,506,506,7,3,2,0,0,,,,,,,,,
2026-09-21T14:36:50+00:00,16000018,DARRYL,770,784,9,4,2,2,0,,,,,,,,,
2026-09-21T14:36:50+00:00,16000019,PENNY,514,514,6,3,0,0,0,,,,,,,,,
2026-09-21T14:36:50+00:00,16000020,FRANK,512,512,7,3,2,0,0,,,,,,,,,
2026-09-21T14:36:50+00:00,16000022,TICK,501,501,6,3,0,0,0,,,,,,,,,
2026-09-21T14:36:50+00:00,16000024,ROSA,501,506,6,3,0,0,0,,,,,,,,,
2026-09-21T14:36:50+00:00,16000025,CARL,510,510,7,3,2,0,1,,,,,,,,,
2026-09-21T14:36:50+00:00,16000026,BIBI,501,501,6,3,0,0,0,,,,,,,,,
2026-09-21T14:36:50+00:00,16000027,8-BIT,1011,1011,11,5,2,2,1,,,,,,,,,
2026-09-21T14:36:50+00:00,16000029,BEA,502,502,7,3,1,0,1,,,,,,,,,
2026-09-21T14:36:50+00:00,16000030,EMZ,751,751,9,4,2,2,1,,,,,,,,,
2026-09-21T14:36:50+00:00,16000032,MAX,373,373,6,2,0,0,1,,,,,,,,,
2026-09-21T14:36:50+00:00,16000034,JACKY,502,502,6,3,0,0,0,,,,,,,,,
2026-09-21T14:36:50+00:00,16000035,GALE,502,502,8,3,1,0,0,,,,,,,,,
2026-09-21T14:36:50+00:00,16000036,NANI,509,509,6,3,0,0,0,,,,,,,,,
2026-09-21T14:36:50+00:00,16000037,SPROUT,15,15,6,1,0,0,1,,,,,,,,,
2026-09-21T14:36:50+00:00,16000039,COLETTE,0,0,6,1,0,0,0,,,,,,,,,
2026-09-21T14:36:50+00:00,16000040,AMBER,753,753,9,4,2,2,0,,,,,,,,,
2026-09-21T14:36:50+00:00,16000041,LOU,256,256,6,2,0,0,0,,,,,,,,,
2026-09-21T14:36:50+00:00,16000043,EDGAR,1011,1011,9,5,2,2,0,,,,,,,,,
2026-09-21T14:36:50+00:00,16000045,STU,500,500,6,3,0,0,0,,,,,,,,,
2026-09-21T14:36:50+00:00,16000048,GROM,13,13,6,1,0,0,0,,,,,,,,,
2026-09-21T14:36:50+00:00,16000050,GRIFF,1002,1002,9,5,2,2,0,,,,,,,,,
2026-09-21T14:36:50+00:00,16000051,ASH,507,507,6,3,0,0,0,,,,,,,,,
2026-09-21T14:36:50+00:00,16000053,LOLA,500,500,6,3,0,0,0,,,,,,,,,
2026-09-21T14:36:50+00:00,16000056,EVE,259,259,6,2,0,0,0,,,,,,,,,
2026-09-21T14:36:50+00:00,16000058,BONNIE,507,507,6,3,0,0,1,,,,,,,,,
2026-09-21T14:36:50+00:00,16000060,SAM,503,503,6,3,0,0,0,,,,,,,,,
2026-09-21T14:36:50+00:00,16000061,GUS,505,505,7,3,0,0,1,,,,,,,,,
2026-09-21T14:36:50+00:00,16000065,MANDY,504,504,6,3,0,0,0,,,,,,,,,
2026-09-21T14:36:50+00:00,16000068,MAISIE,508,508,6,3,0,0,0,,,,,,,,,
2026-09-21T14:36:50+00:00,16000074,CHARLIE,261,261,6,2,0,0,1,,,,,,,,,
2026-09-21T14:36:50+00:00,16000077,LARRY & LAWRIE,365,365,6,2,0,0,0,,,,,,,,,
2026-09-21T14:36:50+00:00,16000082,BERRY,122,122,6,1,0,0,0,,,,,,,,,
2026-09-21T14:36:50+00:00,16000086,SHADE,1013,1013,8,5,1,0,1,,,,,,,,,
2026-09-21T14:36:50+00:00,16000089,MEEPLE,504,504,7,3,1,0,0,,,,,,,,,
2026-09-21T14:36:50+00:00,16000090,OLLIE,255,255,6,2,0,0,0,,,,,,,,,
2026-09-21T14:36:50+00:00,16000091,LUMI,811,811,9,4,1,2,0,,,,,,,,,
2026-09-21T14:36:50+00:00,16000092,FINX,1090,1093,9,5,2,2,0,,,,,,,,,
2026-09-21T14:36:50+00:00,16000093,JAE-YONG,517,517,8,3,1,0,0,,,,,,,,,
2026-09-21T14:36:50+00:00,16000094,KAZE,554,554,11,3,2,2,1,,,,,,,,,
2026-09-21T14:36:50+00:00,16000095,ALLI,0,0,8,1,1,0,0,,,,,,,,,
2026-09-21T14:36:50+00:00,16000096,TRUNK,261,262,6,2,0,0,0,,,,,,,,,
2026-09-21T14:36:50+00:00,16000100,GIGI,379,379,6,2,0,0,0,,,,,,,,,
2026-09-21T14:36:50+00:00,16000102,SIRIUS,906,906,11,4,1,2,0,,,,,,,,,
2026-09-21T14:36:50+00:00,16000104,DAMIAN,157,157,7,1,2,0,0,,,,,,,,,
2026-09-21T14:36:50+00:00,16000105,STARR NOVA,1016,1016,11,5,2,2,1,,,,,,,,,
2026-09-21T14:36:50+00:00,16000106,BOLT,260,260,6,2,0,0,1,,,,,,,,,
2026-09-21T14:36:50+00:00,16000107,NORI,1003,1003,11,5,1,2,1,,,,,,,,,
2026-09-21T14:36:50+00:00,16000108,WENDY,1005,1005,11,5,1,2,1,,,,,,,,,
2026-09-22T12:53:11+00:00,16000000,SHELLY,521,521,6,3,0,0,0,,,,,,,,,
2026-09-22T12:53:11+00:00,16000001,COLT,550,550,7,3,1,0,0,,,,,,,,,
2026-09-22T12:53:11+00:00,16000002,BULL,510,510,6,3,0,0,0,,,,,,,,,
2026-09-22T12:53:11+00:00,16000003,BROCK,545,545,7,3,0,0,0,,,,,,,,,
2026-09-22T12:53:11+00:00,16000004,RICO,507,511,7,3,0,0,1,,,,,,,,,
2026-09-22T12:53:11+00:00,16000006,BARLEY,503,503,6,3,0,0,0,,,,,,,,,
2026-09-22T12:53:11+00:00,16000007,JESSIE,505,515,6,3,0,0,0,,,,,,,,,
2026-09-22T12:53:11+00:00,16000008,NITA,1000,1025,11,5,2,2,1,,,,,,,,,
2026-09-22T12:53:11+00:00,16000009,DYNAMIKE,506,511,6,3,0,0,1,,,,,,,,,
2026-09-22T12:53:11+00:00,16000010,EL PRIMO,500,508,7,3,2,0,1,,,,,,,,,
2026-09-22T12:53:11+00:00,16000011,MORTIS,754,754,9,4,2,2,0,,,,,,,,,
2026-09-22T12:53:11+00:00,16000012,CROW,510,510,8,3,2,0,0,,,,,,,,,
2026-09-22T12:53:11+00:00,16000013,POCO,504,504,7,3,0,0,0,,,,,,,,,
2026-09-22T12:53:11+00:00,16000014,BO,511,511,7,3,0,0,1,,,,,,,,,
2026-09-22T12:53:11+00:00,16000015,PIPER,512,512,6,3,0,0,0,,,,,,,,,
2026-09-22T12:53:11+00:00,16000016,PAM,506,506,6,3,0,0,0,,,,,,,,,
2026-09-22T12:53:11+00:00,16000017,TARA,506,506,7,3,2,0,0,,,,,,,,,
2026-09-22T12:53:11+00:00,16000018,DARRYL,770,784,9,4,2,2,0,,,,,,,,,
2026-09-22T12:53:11+00:00,16000019,PENNY,514,514,6,3,0,0,0,,,,,,,,,
2026-09-22T12:53:11+00:00,16000020,FRANK,512,512,7,3,2,0,0,,,,,,,,,
2026-09-22T12:53:11+00:00,16000022,TICK,501,501,6,3,0,0,0,,,,,,,,,
2026-09-22T12:53:11+00:00,16000024,ROSA,501,506,6,3,0,0,0,,,,,,,,,
2026-09-22T12:53:11+00:00,16000025,CARL,510,510,7,3,2,0,1,,,,,,,,,
2026-09-22T12:53:11+00:00,16000026,BIBI,501,501,6,3,0,0,0,,,,,,,,,
2026-09-22T12:53:11+00:00,16000027,8-BIT,1011,1011,11,5,2,2,1,,,,,,,,,
2026-09-22T12:53:11+00:00,16000029,BEA,502,502,7,3,1,0,1,,,,,,,,,
2026-09-22T12:53:11+00:00,16000030,EMZ,751,751,9,4,2,2,1,,,,,,,,,
2026-09-22T12:53:11+00:00,16000032,MAX,373,373,6,2,0,0,1,,,,,,,,,
2026-09-22T12:53:11+00:00,16000034,JACKY,502,502,6,3,0,0,0,,,,,,,,,
2026-09-22T12:53:11+00:00,16000035,GALE,502,502,8,3,1,0,0,,,,,,,,,
2026-09-22T12:53:11+00:00,16000036,NANI,509,509,6,3,0,0,0,,,,,,,,,
2026-09-22T12:53:11+00:00,16000037,SPROUT,15,15,6,1,0,0,1,,,,,,,,,
2026-09-22T12:53:11+00:00,16000039,COLETTE,0,0,6,1,0,0,0,,,,,,,,,
2026-09-22T12:53:11+00:00,16000040,AMBER,753,753,9,4,2,2,0,,,,,,,,,
2026-09-22T12:53:11+00:00,16000041,LOU,256,256,6,2,0,0,0,,,,,,,,,
2026-09-22T12:53:11+00:00,16000043,EDGAR,1011,1011,9,5,2,2,0,,,,,,,,,
2026-09-22T12:53:11+00:00,16000045,STU,500,500,6,3,0,0,0,,,,,,,,,
2026-09-22T12:53:11+00:00,16000048,GROM,95,95,6,1,0,0,0,,,,,,,,,
2026-09-22T12:53:11+00:00,16000050,GRIFF,1002,1002,9,5,2,2,0,,,,,,,,,
2026-09-22T12:53:11+00:00,16000051,ASH,507,507,6,3,0,0,0,,,,,,,,,
2026-09-22T12:53:11+00:00,16000053,LOLA,500,500,6,3,0,0,0,,,,,,,,,
2026-09-22T12:53:11+00:00,16000056,EVE,259,259,6,2,0,0,0,,,,,,,,,
2026-09-22T12:53:11+00:00,16000058,BONNIE,507,507,6,3,0,0,1,,,,,,,,,
2026-09-22T12:53:11+00:00,16000060,SAM,503,503,6,3,0,0,0,,,,,,,,,
2026-09-22T12:53:11+00:00,16000061,GUS,505,505,7,3,0,0,1,,,,,,,,,
2026-09-22T12:53:11+00:00,16000065,MANDY,504,504,6,3,0,0,0,,,,,,,,,
2026-09-22T12:53:11+00:00,16000068,MAISIE,508,508,6,3,0,0,0,,,,,,,,,
2026-09-22T12:53:11+00:00,16000069,HANK,0,0,6,1,0,0,0,,,,,,,,,
2026-09-22T12:53:11+00:00,16000074,CHARLIE,261,261,6,2,0,0,1,,,,,,,,,
2026-09-22T12:53:11+00:00,16000077,LARRY & LAWRIE,426,426,6,2,0,0,0,,,,,,,,,
2026-09-22T12:53:11+00:00,16000079,ANGELO,0,0,6,1,0,0,0,,,,,,,,,
2026-09-22T12:53:11+00:00,16000082,BERRY,122,122,6,1,0,0,0,,,,,,,,,
2026-09-22T12:53:11+00:00,16000086,SHADE,1013,1013,8,5,1,0,1,,,,,,,,,
2026-09-22T12:53:11+00:00,16000089,MEEPLE,504,504,7,3,1,0,0,,,,,,,,,
2026-09-22T12:53:11+00:00,16000090,OLLIE,255,255,6,2,0,0,0,,,,,,,,,
2026-09-22T12:53:11+00:00,16000091,LUMI,811,811,9,4,1,2,0,,,,,,,,,
2026-09-22T12:53:11+00:00,16000092,FINX,1090,1093,9,5,2,2,0,,,,,,,,,
2026-09-22T12:53:11+00:00,16000093,JAE-YONG,517,517,8,3,1,0,0,,,,,,,,,
2026-09-22T12:53:11+00:00,16000094,KAZE,554,554,11,3,2,2,1,,,,,,,,,
2026-09-22T12:53:11+00:00,16000095,ALLI,0,0,8,1,1,0,0,,,,,,,,,
2026-09-22T12:53:11+00:00,16000096,TRUNK,261,262,6,2,0,0,0,,,,,,,,,
2026-09-22T12:53:11+00:00,16000100,GIGI,379,379,6,2,0,0,0,,,,,,,,,
2026-09-22T12:53:11+00:00,16000102,SIRIUS,906,906,11,4,1,2,0,,,,,,,,,
2026-09-22T12:53:11+00:00,16000104,DAMIAN,157,157,7,1,2,0,0,,,,,,,,,
2026-09-22T12:53:11+00:00,16000105,STARR NOVA,1016,1016,11,5,2,2,1,,,,,,,,,
2026-09-22T12:53:11+00:00,16000106,BOLT,260,260,6,2,0,0,1,,,,,,,,,
2026-09-22T12:53:11+00:00,16000107,NORI,1003,1003,11,5,1,2,1,,,,,,,,,
2026-09-22T12:53:11+00:00,16000108,WENDY,1005,1005,11,5,1,2,1,,,,,,,,,
2026-09-23T13:04:47+00:00,16000000,SHELLY,521,521,6,3,0,0,0,,,,,,,,,
2026-09-23T13:04:47+00:00,16000001,COLT,550,550,7,3,1,0,0,,,,,,,,,
2026-09-23T13:04:47+00:00,16000002,BULL,510,510,7,3,0,0,0,,,,,,,,,
2026-09-23T13:04:47+00:00,16000003,BROCK,545,545,7,3,0,0,0,,,,,,,,,
2026-09-23T13:04:47+00:00,16000004,RICO,507,511,7,3,0,0,1,,,,,,,,,
2026-09-23T13:04:47+00:00,16000006,BARLEY,503,503,6,3,0,0,0,,,,,,,,,
2026-09-23T13:04:47+00:00,16000007,JESSIE,505,515,6,3,0,0,0,,,,,,,,,
2026-09-23T13:04:47+00:00,16000008,NITA,1000,1025,11,5,2,2,1,,,,,,,,,
2026-09-23T13:04:47+00:00,16000009,DYNAMIKE,506,511,6,3,0,0,1,,,,,,,,,
2026-09-23T13:04:47+00:00,16000010,EL PRIMO,500,508,7,3,2,0,1,,,,,,,,,
2026-09-23T13:04:47+00:00,16000011,MORTIS,754,754,9,4,2,2,0,,,,,,,,,
2026-09-23T13:04:47+00:00,16000012,CROW,510,510,8,3,2,0,0,,,,,,,,,
2026-09-23T13:04:47+00:00,16000013,POCO,504,504,7,3,0,0,0,,,,,,,,,
2026-09-23T13:04:47+00:00,16000014,BO,511,511,7,3,0,0,1,,,,,,,,,
2026-09-23T13:04:47+00:00,16000015,PIPER,512,512,6,3,0,0,0,,,,,,,,,
2026-09-23T13:04:47+00:00,16000016,PAM,506,506,6,3,0,0,0,,,,,,,,,
2026-09-23T13:04:47+00:00,16000017,TARA,506,506,7,3,2,0,0,,,,,,,,,
2026-09-23T13:04:47+00:00,16000018,DARRYL,770,784,9,4,2,2,0,,,,,,,,,
2026-09-23T13:04:47+00:00,16000019,PENNY,514,514,6,3,0,0,0,,,,,,,,,
2026-09-23T13:04:47+00:00,16000020,FRANK,512,512,7,3,2,0,0,,,,,,,,,
2026-09-23T13:04:47+00:00,16000022,TICK,501,501,6,3,0,0,0,,,,,,,,,
2026-09-23T13:04:47+00:00,16000024,ROSA,501,506,6,3,0,0,0,,,,,,,,,
2026-09-23T13:04:47+00:00,16000025,CARL,510,510,7,3,2,0,1,,,,,,,,,
2026-09-23T13:04:47+00:00,16000026,BIBI,501,501,6,3,0,0,0,,,,,,,,,
2026-09-23T13:04:47+00:00,16000027,8-BIT,1011,1011,11,5,2,2,1,,,,,,,,,
2026-09-23T13:04:47+00:00,16000029,BEA,502,502,7,3,1,0,1,,,,,,,,,
2026-09-23T13:04:47+00:00,16000030,EMZ,751,751,9,4,2,2,1,,,,,,,,,
2026-09-23T13:04:47+00:00,16000032,MAX,373,373,6,2,0,0,1,,,,,,,,,
2026-09-23T13:04:47+00:00,16000034,JACKY,502,502,6,3,0,0,0,,,,,,,,,
2026-09-23T13:04:47+00:00,16000035,GALE,502,502,8,3,1,0,0,,,,,,,,,
2026-09-23T13:04:47+00:00,16000036,NANI,509,509,6,3,0,0,0,,,,,,,,,
2026-09-23T13:04:47+00:00,16000037,SPROUT,15,15,6,1,0,0,1,,,,,,,,,
2026-09-23T13:04:47+00:00,16000039,COLETTE,214,215,6,1,0,0,0,,,,,,,,,
2026-09-23T13:04:47+00:00,16000040,AMBER,753,753,9,4,2,2,0,,,,,,,,,
2026-09-23T13:04:47+00:00,16000041,LOU,256,256,6,2,0,0,0,,,,,,,,,
2026-09-23T13:04:47+00:00,16000043,EDGAR,1011,1011,9,5,2,2,0,,,,,,,,,
2026-09-23T13:04:47+00:00,16000045,STU,500,500,6,3,0,0,0,,,,,,,,,
2026-09-23T13:04:47+00:00,16000048,GROM,95,95,6,1,0,0,0,,,,,,,,,
2026-09-23T13:04:47+00:00,16000050,GRIFF,1002,1002,9,5,2,2,0,,,,,,,,,
2026-09-23T13:04:47+00:00,16000051,ASH,507,507,6,3,0,0,0,,,,,,,,,
2026-09-23T13:04:47+00:00,16000053,LOLA,500,500,6,3,0,0,0,,,,,,,,,
2026-09-23T13:04:47+00:00,16000056,EVE,259,259,6,2,0,0,0,,,,,,,,,
2026-09-23T13:04:47+00:00,16000058,BONNIE,507,507,6,3,0,0,1,,,,,,,,,
2026-09-23T13:04:47+00:00,16000060,SAM,503,503,6,3,0,0,0,,,,,,,,,
2026-09-23T13:04:47+00:00,16000061,GUS,505,505,7,3,0,0,1,,,,,,,,,
2026-09-23T13:04:47+00:00,16000065,MANDY,504,504,6,3,0,0,0,,,,,,,,,
2026-09-23T13:04:47+00:00,16000068,MAISIE,508,508,6,3,0,0,0,,,,,,,,,
2026-09-23T13:04:47+00:00,16000069,HANK,0,0,6,1,0,0,0,,,,,,,,,
2026-09-23T13:04:47+00:00,16000074,CHARLIE,261,261,6,2,0,0,1,,,,,,,,,
2026-09-23T13:04:47+00:00,16000077,LARRY & LAWRIE,502,502,6,3,0,0,0,,,,,,,,,
2026-09-23T13:04:47+00:00,16000079,ANGELO,0,0,6,1,0,0,0,,,,,,,,,
2026-09-23T13:04:47+00:00,16000082,BERRY,122,122,6,1,0,0,0,,,,,,,,,
2026-09-23T13:04:47+00:00,16000086,SHADE,1013,1013,8,5,1,0,1,,,,,,,,,
2026-09-23T13:04:47+00:00,16000089,MEEPLE,504,504,7,3,1,0,0,,,,,,,,,
2026-09-23T13:04:47+00:00,16000090,OLLIE,255,255,6,2,0,0,0,,,,,,,,,
2026-09-23T13:04:47+00:00,16000091,LUMI,811,811,9,4,1,2,0,,,,,,,,,
2026-09-23T13:04:47+00:00,16000092,FINX,1090,1093,9,5,2,2,0,,,,,,,,,
2026-09-23T13:04:47+00:00,16000093,JAE-YONG,517,517,8,3,1,0,0,,,,,,,,,
2026-09-23T13:04:47+00:00,16000094,KAZE,554,554,11,3,2,2,1,,,,,,,,,
2026-09-23T13:04:47+00:00,16000095,ALLI,0,0,8,1,1,0,0,,,,,,,,,
2026-09-23T13:04:47+00:00,16000096,TRUNK,261,262,6,2,0,0,0,,,,,,,,,
2026-09-23T13:04:47+00:00,16000099,PIERCE,0,0,7,1,1,0,0,,,,,,,,,
2026-09-23T13:04:47+00:00,16000100,GIGI,379,379,6,2,0,0,0,,,,,,,,,
2026-09-23T13:04:47+00:00,16000102,SIRIUS,906,906,11,4,1,2,0,,,,,,,,,
2026-09-23T13:04:47+00:00,16000104,DAMIAN,157,157,7,1,2,0,0,,,,,,,,,
2026-09-23T13:04:47+00:00,16000105,STARR NOVA,1016,1016,11,5,2,2,1,,,,,,,,,
2026-09-23T13:04:47+00:00,16000106,BOLT,260,260,6,2,0,0,1,,,,,,,,,
2026-09-23T13:04:47+00:00,16000107,NORI,1003,1003,11,5,1,2,1,,,,,,,,,
2026-09-23T13:04:47+00:00,16000108,WENDY,1005,1005,11,5,1,2,1,,,,,,,,,
2026-09-24T18:50:41+00:00,16000000,SHELLY,521,521,6,3,0,0,0,,,,,,,,,
2026-09-24T18:50:41+00:00,16000001,COLT,550,550,7,3,1,0,1,,,,,,,,,
2026-09-24T18:50:41+00:00,16000002,BULL,510,510,7,3,0,0,0,,,,,,,,,
2026-09-24T18:50:41+00:00,16000003,BROCK,545,545,7,3,0,0,0,,,,,,,,,
2026-09-24T18:50:41+00:00,16000004,RICO,507,511,7,3,0,0,1,,,,,,,,,
2026-09-24T18:50:41+00:00,16000006,BARLEY,503,503,6,3,0,0,0,,,,,,,,,
2026-09-24T18:50:41+00:00,16000007,JESSIE,505,515,6,3,0,0,0,,,,,,,,,
2026-09-24T18:50:41+00:00,16000008,NITA,1000,1025,11,5,2,2,1,,,,,,,,,
2026-09-24T18:50:41+00:00,16000009,DYNAMIKE,506,511,6,3,0,0,1,,,,,,,,,
2026-09-24T18:50:41+00:00,16000010,EL PRIMO,500,508,7,3,2,0,1,,,,,,,,,
2026-09-24T18:50:41+00:00,16000011,MORTIS,754,754,9,4,2,2,0,,,,,,,,,
2026-09-24T18:50:41+00:00,16000012,CROW,510,510,8,3,2,0,0,,,,,,,,,
2026-09-24T18:50:41+00:00,16000013,POCO,504,504,7,3,0,0,0,,,,,,,,,
2026-09-24T18:50:41+00:00,16000014,BO,511,511,7,3,0,0,1,,,,,,,,,
2026-09-24T18:50:41+00:00,16000015,PIPER,512,512,6,3,0,0,0,,,,,,,,,
2026-09-24T18:50:41+00:00,16000016,PAM,506,506,6,3,0,0,0,,,,,,,,,
2026-09-24T18:50:41+00:00,16000017,TARA,506,506,7,3,2,0,0,,,,,,,,,
2026-09-24T18:50:41+00:00,16000018,DARRYL,770,784,9,4,2,2,0,,,,,,,,,
2026-09-24T18:50:41+00:00,16000019,PENNY,514,514,6,3,0,0,0,,,,,,,,,
2026-09-24T18:50:41+00:00,16000020,FRANK,512,512,7,3,2,0,0,,,,,,,,,
2026-09-24T18:50:41+00:00,16000022,TICK,501,501,6,3,0,0,0,,,,,,,,,
2026-09-24T18:50:41+00:00,16000024,ROSA,501,506,6,3,0,0,0,,,,,,,,,
2026-09-24T18:50:41+00:00,16000025,CARL,510,510,7,3,2,0,1,,,,,,,,,
2026-09-24T18:50:41+00:00,16000026,BIBI,501,501,6,3,0,0,0,,,,,,,,,
2026-09-24T18:50:41+00:00,16000027,8-BIT,1011,1011,11,5,2,2,1,,,,,,,,,
2026-09-24T18:50:41+00:00,16000029,BEA,502,502,7,3,1,0,1,,,,,,,,,
2026-09-24T18:50:41+00:00,16000030,EMZ,751,751,9,4,2,2,1,,,,,,,,,
2026-09-24T18:50:41+00:00,16000032,MAX,373,373,6,2,0,0,1,,,,,,,,,
2026-09-24T18:50:41+00:00,16000034,JACKY,502,502,6,3,0,0,0,,,,,,,,,
2026-09-24T18:50:41+00:00,16000035,GALE,502,502,8,3,1,0,0,,,,,,,,,
2026-09-24T18:50:41+00:00,16000036,NANI,509,509,6,3,0,0,0,,,,,,,,,
2026-09-24T18:50:41+00:00,16000037,SPROUT,15,15,6,1,0,0,1,,,,,,,,,
2026-09-24T18:50:41+00:00,16000039,COLETTE,508,508,6,3,0,0,0,,,,,,,,,
2026-09-24T18:50:41+00:00,16000040,AMBER,753,753,9,4,2,2,0,,,,,,,,,
2026-09-24T18:50:41+00:00,16000041,LOU,256,256,6,2,0,0,0,,,,,,,,,
2026-09-24T18:50:41+00:00,16000043,EDGAR,1011,1011,9,5,2,2,0,,,,,,,,,
2026-09-24T18:50:41+00:00,16000045,STU,500,500,6,3,0,0,0,,,,,,,,,
2026-09-24T18:50:41+00:00,16000048,GROM,95,95,6,1,0,0,0,,,,,,,,,
2026-09-24T18:50:41+00:00,16000050,GRIFF,1002,1002,9,5,2,2,0,,,,,,,,,
2026-09-24T18:50:41+00:00,16000051,ASH,507,507,6,3,0,0,0,,,,,,,,,
2026-09-24T18:50:41+00:00,16000053,LOLA,500,500,6,3,0,0,0,,,,,,,,,
2026-09-24T18:50:41+00:00,16000056,EVE,259,259,6,2,0,0,0,,,,,,,,,
2026-09-24T18:50:41+00:00,16000058,BONNIE,507,507,6,3,0,0,1,,,,,,,,,
2026-09-24T18:50:41+00:00,16000060,SAM,503,503,6,3,0,0,0,,,,,,,,,
2026-09-24T18:50:41+00:00,16000061,GUS,505,505,7,3,1,0,1,,,,,,,,,
2026-09-24T18:50:41+00:00,16000065,MANDY,504,504,6,3,0,0,0,,,,,,,,,
2026-09-24T18:50:41+00:00,16000068,MAISIE,508,508,6,3,0,0,0,,,,,,,,,
2026-09-24T18:50:41+00:00,16000069,HANK,502,502,6,3,0,0,0,,,,,,,,,
2026-09-24T18:50:41+00:00,16000074,CHARLIE,261,261,6,2,0,0,1,,,,,,,,,
2026-09-24T18:50:41+00:00,16000077,LARRY & LAWRIE,502,502,6,3,0,0,0,,,,,,,,,
2026-09-24T18:50:41+00:00,16000079,ANGELO,309,309,6,2,0,0,0,,,,,,,,,
2026-09-24T18:50:41+00:00,16000082,BERRY,122,122,6,1,0,0,0,,,,,,,,,
2026-09-24T18:50:41+00:00,16000086,SHADE,1013,1013,8,5,1,0,1,,,,,,,,,
2026-09-24T18:50:41+00:00,16000089,MEEPLE,504,504,7,3,1,0,0,,,,,,,,,
2026-09-24T18:50:41+00:00,16000090,OLLIE,255,255,6,2,0,0,0,,,,,,,,,
2026-09-24T18:50:41+00:00,16000091,LUMI,811,811,9,4,2,2,0,,,,,,,,,
2026-09-24T18:50:41+00:00,16000092,FINX,1090,1093,9,5,2,2,1,,,,,,,,,
2026-09-24T18:50:41+00:00,16000093,JAE-YONG,517,517,8,3,1,0,0,,,,,,,,,
2026-09-24T18:50:41+00:00,16000094,KAZE,554,554,11,3,2,2,1,,,,,,,,,
2026-09-24T18:50:41+00:00,16000095,ALLI,0,0,8,1,1,0,0,,,,,,,,,
2026-09-24T18:50:41+00:00,16000096,TRUNK,261,262,6,2,0,0,0,,,,,,,,,
2026-09-24T18:50:41+00:00,16000099,PIERCE,0,0,7,1,1,0,0,,,,,,,,,
2026-09-24T18:50:41+00:00,16000100,GIGI,379,379,6,2,0,0,0,,,,,,,,,
2026-09-24T18:50:41+00:00,16000102,SIRIUS,906,906,11,4,1,2,0,,,,,,,,,
2026-09-24T18:50:41+00:00,16000104,DAMIAN,157,157,7,1,2,0,0,,,,,,,,,
2026-09-24T18:50:41+00:00,16000105,STARR NOVA,1016,1016,11,5,2,2,1,,,,,,,,,
2026-09-24T18:50:41+00:00,16000106,BOLT,260,260,6,2,0,0,1,,,,,,,,,
2026-09-24T18:50:41+00:00,16000107,NORI,1003,1003,11,5,1,2,1,,,,,,,,,
2026-09-24T18:50:41+00:00,16000108,WENDY,1005,1005,11,5,1,2,1,,,,,,,,,
2026-09-25T13:03:40+00:00,16000000,SHELLY,521,521,6,3,0,0,0,,,,,,,,,
2026-09-25T13:03:40+00:00,16000001,COLT,550,550,7,3,1,0,1,,,,,,,,,
2026-09-25T13:03:40+00:00,16000002,BULL,510,510,7,3,0,0,0,,,,,,,,,
2026-09-25T13:03:40+00:00,16000003,BROCK,545,545,7,3,0,0,0,,,,,,,,,
2026-09-25T13:03:40+00:00,16000004,RICO,507,511,7,3,0,0,1,,,,,,,,,
2026-09-25T13:03:40+00:00,16000006,BARLEY,503,503,6,3,0,0,0,,,,,,,,,
2026-09-25T13:03:40+00:00,16000007,JESSIE,505,515,6,3,0,0,0,,,,,,,,,
2026-09-25T13:03:40+00:00,16000008,NITA,1000,1025,11,5,2,2,1,,,,,,,,,
2026-09-25T13:03:40+00:00,16000009,DYNAMIKE,506,511,6,3,0,0,1,,,,,,,,,
2026-09-25T13:03:40+00:00,16000010,EL PRIMO,500,508,7,3,2,0,1,,,,,,,,,
2026-09-25T13:03:40+00:00,16000011,MORTIS,754,754,9,4,2,2,0,,,,,,,,,
2026-09-25T13:03:40+00:00,16000012,CROW,510,510,8,3,2,0,0,,,,,,,,,
2026-09-25T13:03:40+00:00,16000013,POCO,504,504,7,3,1,0,0,,,,,,,,,
2026-09-25T13:03:40+00:00,16000014,BO,511,511,7,3,0,0,1,,,,,,,,,
2026-09-25T13:03:40+00:00,16000015,PIPER,512,512,6,3,0,0,0,,,,,,,,,
2026-09-25T13:03:40+00:00,16000016,PAM,506,506,6,3,0,0,0,,,,,,,,,
2026-09-25T13:03:40+00:00,16000017,TARA,506,506,7,3,2,0,0,,,,,,,,,
2026-09-25T13:03:40+00:00,16000018,DARRYL,770,784,9,4,2,2,0,,,,,,,,,
2026-09-25T13:03:40+00:00,16000019,PENNY,514,514,6,3,0,0,0,,,,,,,,,
2026-09-25T13:03:40+00:00,16000020,FRANK,512,512,7,3,2,0,0,,,,,,,,,
2026-09-25T13:03:40+00:00,16000022,TICK,501,501,6,3,0,0,0,,,,,,,,,
2026-09-25T13:03:40+00:00,16000024,ROSA,501,506,6,3,0,0,0,,,,,,,,,
2026-09-25T13:03:40+00:00,16000025,CARL,510,510,7,3,2,0,1,,,,,,,,,
2026-09-25T13:03:40+00:00,16000026,BIBI,501,501,6,3,0,0,0,,,,,,,,,
2026-09-25T13:03:40+00:00,16000027,8-BIT,1011,1011,11,5,2,2,1,,,,,,,,,
2026-09-25T13:03:40+00:00,16000029,BEA,502,502,7,3,1,0,1,,,,,,,,,
2026-09-25T13:03:40+00:00,16000030,EMZ,751,751,9,4,2,2,1,,,,,,,,,
2026-09-25T13:03:40+00:00,16000032,MAX,373,373,6,2,0,0,1,,,,,,,,,
2026-09-25T13:03:40+00:00,16000034,JACKY,502,502,6,3,0,0,0,,,,,,,,,
2026-09-25T13:03:40+00:00,16000035,GALE,502,502,8,3,1,0,0,,,,,,,,,
2026-09-25T13:03:40+00:00,16000036,NANI,509,509,6,3,0,0,0,,,,,,,,,
2026-09-25T13:03:40+00:00,16000037,SPROUT,15,15,6,1,0,0,1,,,,,,,,,
2026-09-25T13:03:40+00:00,16000039,COLETTE,508,508,6,3,0,0,0,,,,,,,,,
2026-09-25T13:03:40+00:00,16000040,AMBER,753,753,9,4,2,2,0,,,,,,,,,
2026-09-25T13:03:40+00:00,16000041,LOU,256,256,6,2,0,0,0,,,,,,,,,
2026-09-25T13:03:40+00:00,16000043,EDGAR,1011,1011,9,5,2,2,0,,,,,,,,,
2026-09-25T13:03:40+00:00,16000045,STU,500,500,6,3,0,0,0,,,,,,,,,
2026-09-25T13:03:40+00:00,16000048,GROM,95,95,6,1,0,0,0,,,,,,,,,
2026-09-25T13:03:40+00:00,16000050,GRIFF,1002,1002,9,5,2,2,0,,,,,,,,,
2026-09-25T13:03:40+00:00,16000051,ASH,507,507,6,3,0,0,0,,,,,,,,,
2026-09-25T13:03:40+00:00,16000053,LOLA,500,500,6,3,0,0,0,,,,,,,,,
2026-09-25T13:03:40+00:00,16000056,EVE,259,259,6,2,0,0,0,,,,,,,,,
2026-09-25T13:03:40+00:00,16000058,BONNIE,507,507,6,3,0,0,1,,,,,,,,,
2026-09-25T13:03:40+00:00,16000060,SAM,503,503,6,3,0,0,0,,,,,,,,,
2026-09-25T13:03:40+00:00,16000061,GUS,505,505,8,3,1,0,1,,,,,,,,,
2026-09-25T13:03:40+00:00,16000065,MANDY,504,504,6,3,0,0,0,,,,,,,,,
2026-09-25T13:03:40+00:00,16000068,MAISIE,508,508,6,3,0,0,0,,,,,,,,,
2026-09-25T13:03:40+00:00,16000069,HANK,502,502,6,3,0,0,0,,,,,,,,,
2026-09-25T13:03:40+00:00,16000074,CHARLIE,261,261,6,2,0,0,1,,,,,,,,,
2026-09-25T13:03:40+00:00,16000077,LARRY & LAWRIE,502,502,6,3,0,0,0,,,,,,,,,
2026-09-25T13:03:40+00:00,16000079,ANGELO,454,454,6,2,0,0,0,,,,,,,,,
2026-09-25T13:03:40+00:00,16000082,BERRY,122,122,6,1,0,0,0,,,,,,,,,
2026-09-25T13:03:40+00:00,16000086,SHADE,1013,1013,8,5,1,0,1,,,,,,,,,
2026-09-25T13:03:40+00:00,16000089,MEEPLE,504,504,7,3,1,0,0,,,,,,,,,
2026-09-25T13:03:40+00:00,16000090,OLLIE,255,255,6,2,0,0,0,,,,,,,,,
2026-09-25T13:03:40+00:00,16000091,LUMI,811,811,9,4,2,2,0,,,,,,,,,
2026-09-25T13:03:40+00:00,16000092,FINX,1090,1093,9,5,2,2,1,,,,,,,,,
2026-09-25T13:03:40+00:00,16000093,JAE-YONG,517,517,8,3,1,0,0,,,,,,,,,
2026-09-25T13:03:40+00:00,16000094,KAZE,554,554,11,3,2,2,1,,,,,,,,,
2026-09-25T13:03:40+00:00,16000095,ALLI,0,0,8,1,1,0,0,,,,,,,,,
2026-09-25T13:03:40+00:00,16000096,TRUNK,261,262,6,2,0,0,0,,,,,,,,,
2026-09-25T13:03:40+00:00,16000099,PIERCE,0,0,7,1,1,0,0,,,,,,,,,
2026-09-25T13:03:40+00:00,16000100,GIGI,379,379,6,2,0,0,0,,,,,,,,,
2026-09-25T13:03:40+00:00,16000102,SIRIUS,906,906,11,4,1,2,0,,,,,,,,,
2026-09-25T13:03:40+00:00,16000104,DAMIAN,157,157,7,1,2,0,0,,,,,,,,,
2026-09-25T13:03:40+00:00,16000105,STARR NOVA,1016,1016,11,5,2,2,1,,,,,,,,,
2026-09-25T13:03:40+00:00,16000106,BOLT,260,260,6,2,0,0,1,,,,,,,,,
2026-09-25T13:03:40+00:00,16000107,NORI,1003,1003,11,5,1,2,1,,,,,,,,,
2026-09-25T13:03:40+00:00,16000108,WENDY,1005,1005,11,5,1,2,1,,,,,,,,,
2026-09-26T12:31:22+00:00,16000000,SHELLY,521,521,6,3,0,0,0,,,,,,,,,
2026-09-26T12:31:22+00:00,16000001,COLT,591,591,7,3,1,0,1,,,,,,,,,
2026-09-26T12:31:22+00:00,16000002,BULL,510,510,7,3,0,0,0,,,,,,,,,
2026-09-26T12:31:22+00:00,16000003,BROCK,545,545,7,3,0,0,0,,,,,,,,,
2026-09-26T12:31:22+00:00,16000004,RICO,507,511,7,3,0,0,1,,,,,,,,,
2026-09-26T12:31:22+00:00,16000006,BARLEY,503,503,6,3,0,0,0,,,,,,,,,
2026-09-26T12:31:22+00:00,16000007,JESSIE,505,515,6,3,0,0,0,,,,,,,,,
2026-09-26T12:31:22+00:00,16000008,NITA,1000,1025,11,5,2,2,1,,,,,,,,,
2026-09-26T12:31:22+00:00,16000009,DYNAMIKE,506,511,6,3,0,0,1,,,,,,,,,
2026-09-26T12:31:22+00:00,16000010,EL PRIMO,500,508,7,3,2,0,1,,,,,,,,,
2026-09-26T12:31:22+00:00,16000011,MORTIS,754,754,9,4,2,2,0,,,,,,,,,
2026-09-26T12:31:22+00:00,16000012,CROW,510,510,8,3,2,0,0,,,,,,,,,
2026-09-26T12:31:22+00:00,16000013,POCO,504,504,7,3,1,0,0,,,,,,,,,
2026-09-26T12:31:22+00:00,16000014,BO,511,511,7,3,1,0,1,,,,,,,,,
2026-09-26T12:31:22+00:00,16000015,PIPER,512,512,6,3,0,0,0,,,,,,,,,
2026-09-26T12:31:22+00:00,16000016,PAM,506,506,6,3,0,0,0,,,,,,,,,
2026-09-26T12:31:22+00:00,16000017,TARA,506,506,7,3,2,0,0,,,,,,,,,
2026-09-26T12:31:22+00:00,16000018,DARRYL,770,784,9,4,2,2,0,,,,,,,,,
2026-09-26T12:31:22+00:00,16000019,PENNY,514,514,6,3,0,0,0,,,,,,,,,
2026-09-26T12:31:22+00:00,16000020,FRANK,512,512,7,3,2,0,0,,,,,,,,,
2026-09-26T12:31:22+00:00,16000022,TICK,501,501,6,3,0,0,0,,,,,,,,,
2026-09-26T12:31:22+00:00,16000024,ROSA,501,506,6,3,0,0,0,,,,,,,,,
2026-09-26T12:31:22+00:00,16000025,CARL,510,510,7,3,2,0,1,,,,,,,,,
2026-09-26T12:31:22+00:00,16000026,BIBI,501,501,6,3,0,0,0,,,,,,,,,
2026-09-26T12:31:22+00:00,16000027,8-BIT,1011,1011,11,5,2,2,1,,,,,,,,,
2026-09-26T12:31:22+00:00,16000029,BEA,502,502,7,3,1,0,1,,,,,,,,,
2026-09-26T12:31:22+00:00,16000030,EMZ,751,751,9,4,2,2,1,,,,,,,,,
2026-09-26T12:31:22+00:00,16000032,MAX,373,373,6,2,0,0,1,,,,,,,,,
2026-09-26T12:31:22+00:00,16000034,JACKY,502,502,6,3,0,0,0,,,,,,,,,
2026-09-26T12:31:22+00:00,16000035,GALE,502,502,8,3,1,0,0,,,,,,,,,
2026-09-26T12:31:22+00:00,16000036,NANI,509,509,6,3,0,0,0,,,,,,,,,
2026-09-26T12:31:22+00:00,16000037,SPROUT,15,15,6,1,0,0,1,,,,,,,,,
2026-09-26T12:31:22+00:00,16000039,COLETTE,508,508,6,3,0,0,0,,,,,,,,,
2026-09-26T12:31:22+00:00,16000040,AMBER,753,753,9,4,2,2,0,,,,,,,,,
2026-09-26T12:31:22+00:00,16000041,LOU,256,256,6,2,0,0,0,,,,,,,,,
2026-09-26T12:31:22+00:00,16000043,EDGAR,1011,1011,9,5,2,2,0,,,,,,,,,
2026-09-26T12:31:22+00:00,16000045,STU,500,500,6,3,0,0,0,,,,,,,,,
2026-09-26T12:31:22+00:00,16000048,GROM,95,95,6,1,0,0,0,,,,,,,,,
2026-09-26T12:31:22+00:00,16000050,GRIFF,1002,1002,9,5,2,2,0,,,,,,,,,
2026-09-26T12:31:22+00:00,16000051,ASH,507,507,6,3,0,0,0,,,,,,,,,
2026-09-26T12:31:22+00:00,16000053,LOLA,500,500,6,3,0,0,0,,,,,,,,,
2026-09-26T12:31:22+00:00,16000056,EVE,259,259,6,2,0,0,0,,,,,,,,,
2026-09-26T12:31:22+00:00,16000058,BONNIE,507,507,6,3,0,0,1,,,,,,,,,
2026-09-26T12:31:22+00:00,16000060,SAM,503,503,6,3,0,0,0,,,,,,,,,
2026-09-26T12:31:22+00:00,16000061,GUS,505,505,8,3,1,0,1,,,,,,,,,
2026-09-26T12:31:22+00:00,16000065,MANDY,504,504,6,3,0,0,0,,,,,,,,,
2026-09-26T12:31:22+00:00,16000068,MAISIE,508,508,6,3,0,0,0,,,,,,,,,
2026-09-26T12:31:22+00:00,16000069,HANK,502,502,6,3,0,0,0,,,,,,,,,
2026-09-26T12:31:22+00:00,16000074,CHARLIE,261,261,6,2,0,0,1,,,,,,,,,
2026-09-26T12:31:22+00:00,16000077,LARRY & LAWRIE,502,502,6,3,0,0,0,,,,,,,,,
2026-09-26T12:31:22+00:00,16000079,ANGELO,502,502,6,3,0,0,0,,,,,,,,,
2026-09-26T12:31:22+00:00,16000082,BERRY,315,315,6,2,0,0,0,,,,,,,,,
2026-09-26T12:31:22+00:00,16000086,SHADE,1013,1013,8,5,1,0,1,,,,,,,,,
2026-09-26T12:31:22+00:00,16000089,MEEPLE,504,504,7,3,1,0,0,,,,,,,,,
2026-09-26T12:31:22+00:00,16000090,OLLIE,255,255,6,2,0,0,0,,,,,,,,,
2026-09-26T12:31:22+00:00,16000091,LUMI,811,811,9,4,2,2,0,,,,,,,,,
2026-09-26T12:31:22+00:00,16000092,FINX,1090,1093,9,5,2,2,1,,,,,,,,,
2026-09-26T12:31:22+00:00,16000093,JAE-YONG,517,517,8,3,1,0,0,,,,,,,,,
2026-09-26T12:31:22+00:00,16000094,KAZE,554,554,11,3,2,2,1,,,,,,,,,
2026-09-26T12:31:22+00:00,16000095,ALLI,0,0,8,1,1,0,0,,,,,,,,,
2026-09-26T12:31:22+00:00,16000096,TRUNK,261,262,6,2,0,0,0,,,,,,,,,
2026-09-26T12:31:22+00:00,16000099,PIERCE,0,0,7,1,1,0,0,,,,,,,,,
2026-09-26T12:31:22+00:00,16000100,GIGI,379,379,6,2,0,0,0,,,,,,,,,
2026-09-26T12:31:22+00:00,16000102,SIRIUS,906,906,11,4,1,2,0,,,,,,,,,
2026-09-26T12:31:22+00:00,16000104,DAMIAN,157,157,7,1,2,0,0,,,,,,,,,
2026-09-26T12:31:22+00:00,16000105,STARR NOVA,1016,1016,11,5,2,2,1,,,,,,,,,
2026-09-26T12:31:22+00:00,16000106,BOLT,260,260,6,2,0,0,1,,,,,,,,,
2026-09-26T12:31:22+00:00,16000107,NORI,1003,1003,11,5,1,2,1,,,,,,,,,
2026-09-26T12:31:22+00:00,16000108,WENDY,1005,1005,11,5,1,2,1,,,,,,,,,
2026-09-27T13:21:46+00:00,16000000,SHELLY,521,521,6,3,0,0,0,,,,,,,,,
2026-09-27T13:21:46+00:00,16000001,COLT,591,591,7,3,1,0,1,,,,,,,,,
2026-09-27T13:21:46+00:00,16000002,BULL,510,510,7,3,1,0,0,,,,,,,,,
2026-09-27T13:21:46+00:00,16000003,BROCK,545,545,7,3,0,0,0,,,,,,,,,
2026-09-27T13:21:46+00:00,16000004,RICO,507,511,7,3,0,0,1,,,,,,,,,
2026-09-27T13:21:46+00:00,16000006,BARLEY,503,503,6,3,0,0,1,,,,,,,,,
2026-09-27T13:21:46+00:00,16000007,JESSIE,505,515,6,3,0,0,0,,,,,,,,,
2026-09-27T13:21:46+00:00,16000008,NITA,1000,1025,11,5,2,2,1,,,,,,,,,
2026-09-27T13:21:46+00:00,16000009,DYNAMIKE,506,511,6,3,0,0,1,,,,,,,,,
2026-09-27T13:21:46+00:00,16000010,EL PRIMO,500,508,7,3,2,0,1,,,,,,,,,
2026-09-27T13:21:46+00:00,16000011,MORTIS,754,754,9,4,2,2,0,,,,,,,,,
2026-09-27T13:21:46+00:00,16000012,CROW,510,510,8,3,2,0,0,,,,,,,,,
2026-09-27T13:21:46+00:00,16000013,POCO,504,504,7,3,2,0,0,,,,,,,,,
2026-09-27T13:21:46+00:00,16000014,BO,511,511,7,3,2,0,1,,,,,,,,,
2026-09-27T13:21:46+00:00,16000015,PIPER,512,512,6,3,0,0,0,,,,,,,,,
2026-09-27T13:21:46+00:00,16000016,PAM,506,506,6,3,0,0,0,,,,,,,,,
2026-09-27T13:21:46+00:00,16000017,TARA,506,506,7,3,2,0,0,,,,,,,,,
2026-09-27T13:21:46+00:00,16000018,DARRYL,770,784,9,4,2,2,0,,,,,,,,,
2026-09-27T13:21:46+00:00,16000019,PENNY,514,514,6,3,0,0,0,,,,,,,,,
2026-09-27T13:21:46+00:00,16000020,FRANK,512,512,7,3,2,0,0,,,,,,,,,
2026-09-27T13:21:46+00:00,16000022,TICK,501,501,6,3,0,0,0,,,,,,,,,
2026-09-27T13:21:46+00:00,16000024,ROSA,501,506,6,3,0,0,0,,,,,,,,,
2026-09-27T13:21:46+00:00,16000025,CARL,510,510,7,3,2,0,1,,,,,,,,,
2026-09-27T13:21:46+00:00,16000026,BIBI,501,501,6,3,0,0,0,,,,,,,,,
2026-09-27T13:21:46+00:00,16000027,8-BIT,1011,1011,11,5,2,2,1,,,,,,,,,
2026-09-27T13:21:46+00:00,16000029,BEA,502,502,7,3,2,0,1,,,,,,,,,
2026-09-27T13:21:46+00:00,16000030,EMZ,751,751,9,4,2,2,1,,,,,,,,,
2026-09-27T13:21:46+00:00,16000032,MAX,373,373,6,2,0,0,1,,,,,,,,,
2026-09-27T13:21:46+00:00,16000034,JACKY,502,502,6,3,0,0,0,,,,,,,,,
2026-09-27T13:21:46+00:00,16000035,GALE,502,502,8,3,1,0,0,,,,,,,,,
2026-09-27T13:21:46+00:00,16000036,NANI,509,509,6,3,0,0,0,,,,,,,,,
2026-09-27T13:21:46+00:00,16000037,SPROUT,111,111,6,1,0,0,1,,,,,,,,,
2026-09-27T13:21:46+00:00,16000039,COLETTE,506,508,6,3,0,0,0,,,,,,,,,
2026-09-27T13:21:46+00:00,16000040,AMBER,753,753,9,4,2,2,0,,,,,,,,,
2026-09-27T13:21:46+00:00,16000041,LOU,256,256,6,2,0,0,0,,,,,,,,,
2026-09-27T13:21:46+00:00,16000043,EDGAR,1011,1011,9,5,2,2,0,,,,,,,,,
2026-09-27T13:21:46+00:00,16000045,STU,500,500,6,3,0,0,1,,,,,,,,,
2026-09-27T13:21:46+00:00,16000046,BELLE,106,106,6,1,0,0,0,,,,,,,,,
2026-09-27T13:21:46+00:00,16000048,GROM,95,95,6,1,0,0,0,,,,,,,,,
2026-09-27T13:21:46+00:00,16000050,GRIFF,1002,1002,9,5,2,2,0,,,,,,,,,
2026-09-27T13:21:46+00:00,16000051,ASH,507,507,6,3,0,0,0,,,,,,,,,
2026-09-27T13:21:46+00:00,16000053,LOLA,500,500,6,3,0,0,0,,,,,,,,,
2026-09-27T13:21:46+00:00,16000056,EVE,259,259,6,2,0,0,0,,,,,,,,,
2026-09-27T13:21:46+00:00,16000058,BONNIE,507,507,6,3,0,0,1,,,,,,,,,
2026-09-27T13:21:46+00:00,16000060,SAM,503,503,6,3,0,0,0,,,,,,,,,
2026-09-27T13:21:46+00:00,16000061,GUS,544,544,9,3,1,2,1,,,,,,,,,
2026-09-27T13:21:46+00:00,16000065,MANDY,504,504,6,3,0,0,0,,,,,,,,,
2026-09-27T13:21:46+00:00,16000068,MAISIE,508,508,6,3,0,0,0,,,,,,,,,
2026-09-27T13:21:46+00:00,16000069,HANK,502,502,6,3,0,0,0,,,,,,,,,
2026-09-27T13:21:46+00:00,16000072,PEARL,0,0,6,1,0,0,0,,,,,,,,,
2026-09-27T13:21:46+00:00,16000074,CHARLIE,261,261,6,2,0,0,1,,,,,,,,,
2026-09-27T13:21:46+00:00,16000077,LARRY & LAWRIE,502,502,6,3,0,0,0,,,,,,,,,
2026-09-27T13:21:46+00:00,16000079,ANGELO,502,502,6,3,0,0,0,,,,,,,,,
2026-09-27T13:21:46+00:00,16000082,BERRY,510,510,6,3,0,0,0,,,,,,,,,
2026-09-27T13:21:46+00:00,16000086,SHADE,1013,1013,8,5,1,0,1,,,,,,,,,
2026-09-27T13:21:46+00:00,16000089,MEEPLE,504,504,7,3,1,0,0,,,,,,,,,
2026-09-27T13:21:46+00:00,16000090,OLLIE,255,255,6,2,0,0,0,,,,,,,,,
2026-09-27T13:21:46+00:00,16000091,LUMI,811,811,9,4,2,2,0,,,,,,,,,
2026-09-27T13:21:46+00:00,16000092,FINX,1090,1093,9,5,2,2,1,,,,,,,,,
2026-09-27T13:21:46+00:00,16000093,JAE-YONG,517,517,8,3,1,0,0,,,,,,,,,
2026-09-27T13:21:46+00:00,16000094,KAZE,554,554,11,3,2,2,1,,,,,,,,,
2026-09-27T13:21:46+00:00,16000095,ALLI,0,0,8,1,1,0,0,,,,,,,,,
2026-09-27T13:21:46+00:00,16000096,TRUNK,261,262,6,2,0,0,0,,,,,,,,,
2026-09-27T13:21:46+00:00,16000099,PIERCE,0,0,7,1,1,0,0,,,,,,,,,
2026-09-27T13:21:46+00:00,16000100,GIGI,379,379,6,2,0,0,0,,,,,,,,,
2026-09-27T13:21:46+00:00,16000102,SIRIUS,906,906,11,4,1,2,0,,,,,,,,,
2026-09-27T13:21:46+00:00,16000104,DAMIAN,157,157,7,1,2,0,0,,,,,,,,,
2026-09-27T13:21:46+00:00,16000105,STARR NOVA,1016,1016,11,5,2,2,1,,,,,,,,,
2026-09-27T13:21:46+00:00,16000106,BOLT,260,260,6,2,0,0,1,,,,,,,,,
2026-09-27T13:21:46+00:00,16000107,NORI,1003,1003,11,5,1,2,1,,,,,,,,,
2026-09-27T13:21:46+00:00,16000108,WENDY,1005,1005,11,5,2,2,1,,,,,,,,,
2026-09-28T16:08:31+00:00,16000000,SHELLY,521,521,7,3,0,0,0,,,,,,,,,
2026-09-28T16:08:31+00:00,16000001,COLT,591,591,7,3,1,0,1,,,,,,,,,
2026-09-28T16:08:31+00:00,16000002,BULL,510,510,7,3,1,0,0,,,,,,,,,
2026-09-28T16:08:31+00:00,16000003,BROCK,545,545,7,3,0,0,0,,,,,,,,,
2026-09-28T16:08:31+00:00,16000004,RICO,507,511,7,3,0,0,1,,,,,,,,,
2026-09-28T16:08:31+00:00,16000005,SPIKE,0,0,6,1,0,0,0,,,,,,,,,
2026-09-28T16:08:31+00:00,16000006,BARLEY,503,503,6,3,0,0,1,,,,,,,,,
2026-09-28T16:08:31+00:00,16000007,JESSIE,505,515,6,3,0,0,0,,,,,,,,,
2026-09-28T16:08:31+00:00,16000008,NITA,1000,1025,11,5,2,2,1,,,,,,,,,
2026-09-28T16:08:31+00:00,16000009,DYNAMIKE,506,511,6,3,0,0,1,,,,,,,,,
2026-09-28T16:08:31+00:00,16000010,EL PRIMO,500,508,7,3,2,0,1,,,,,,,,,
2026-09-28T16:08:31+00:00,16000011,MORTIS,754,754,9,4,2,2,0,,,,,,,,,
2026-09-28T16:08:31+00:00,16000012,CROW,510,510,8,3,2,0,0,,,,,,,,,
2026-09-28T16:08:31+00:00,16000013,POCO,504,504,7,3,2,0,0,,,,,,,,,
2026-09-28T16:08:31+00:00,16000014,BO,511,511,7,3,2,0,1,,,,,,,,,
2026-09-28T16:08:31+00:00,16000015,PIPER,512,512,6,3,0,0,0,,,,,,,,,
2026-09-28T16:08:31+00:00,16000016,PAM,506,506,6,3,0,0,0,,,,,,,,,
2026-09-28T16:08:31+00:00,16000017,TARA,506,506,7,3,2,0,0,,,,,,,,,
2026-09-28T16:08:31+00:00,16000018,DARRYL,770,784,9,4,2,2,0,,,,,,,,,
2026-09-28T16:08:31+00:00,16000019,PENNY,514,514,6,3,0,0,0,,,,,,,,,
2026-09-28T16:08:31+00:00,16000020,FRANK,512,512,7,3,2,0,0,,,,,,,,,
2026-09-28T16:08:31+00:00,16000022,TICK,501,501,6,3,0,0,0,,,,,,,,,
2026-09-28T16:08:31+00:00,16000024,ROSA,501,506,6,3,0,0,0,,,,,,,,,
2026-09-28T16:08:31+00:00,16000025,CARL,510,510,7,3,2,0,1,,,,,,,,,
2026-09-28T16:08:31+00:00,16000026,BIBI,501,501,6,3,0,0,0,,,,,,,,,
2026-09-28T16:08:31+00:00,16000027,8-BIT,1011,1011,11,5,2,2,1,,,,,,,,,
2026-09-28T16:08:31+00:00,16000029,BEA,502,502,7,3,2,0,1,,,,,,,,,
2026-09-28T16:08:31+00:00,16000030,EMZ,751,751,9,4,2,2,1,,,,,,,,,
2026-09-28T16:08:31+00:00,16000032,MAX,373,373,6,2,0,0,1,,,,,,,,,
2026-09-28T16:08:31+00:00,16000034,JACKY,502,502,6,3,0,0,0,,,,,,,,,
2026-09-28T16:08:31+00:00,16000035,GALE,502,502,8,3,1,0,0,,,,,,,,,
2026-09-28T16:08:31+00:00,16000036,NANI,509,509,6,3,0,0,0,,,,,,,,,
2026-09-28T16:08:31+00:00,16000037,SPROUT,111,111,6,1,0,0,1,,,,,,,,,
2026-09-28T16:08:31+00:00,16000039,COLETTE,506,508,6,3,0,0,0,,,,,,,,,
2026-09-28T16:08:31+00:00,16000040,AMBER,753,753,9,4,2,2,0,,,,,,,,,
2026-09-28T16:08:31+00:00,16000041,LOU,256,256,6,2,0,0,0,,,,,,,,,
2026-09-28T16:08:31+00:00,16000043,EDGAR,1011,1011,9,5,2,2,0,,,,,,,,,
2026-09-28T16:08:31+00:00,16000045,STU,500,500,6,3,0,0,1,,,,,,,,,
2026-09-28T16:08:31+00:00,16000046,BELLE,516,516,6,3,0,0,0,,,,,,,,,
2026-09-28T16:08:31+00:00,16000048,GROM,316,316,6,2,0,0,0,,,,,,,,,
2026-09-28T16:08:31+00:00,16000050,GRIFF,1002,1002,9,5,2,2,0,,,,,,,,,
2026-09-28T16:08:31+00:00,16000051,ASH,507,507,6,3,0,0,0,,,,,,,,,
2026-09-28T16:08:31+00:00,16000053,LOLA,500,500,6,3,0,0,0,,,,,,,,,
2026-09-28T16:08:31+00:00,16000056,EVE,259,259,6,2,0,0,0,,,,,,,,,
2026-09-28T16:08:31+00:00,16000058,BONNIE,507,507,6,3,0,0,1,,,,,,,,,
2026-09-28T16:08:31+00:00,16000060,SAM,503,503,6,3,0,0,0,,,,,,,,,
2026-09-28T16:08:31+00:00,16000061,GUS,544,544,9,3,1,2,1,,,,,,,,,
2026-09-28T16:08:31+00:00,16000065,MANDY,504,504,6,3,0,0,0,,,,,,,,,
2026-09-28T16:08:31+00:00,16000068,MAISIE,508,508,6,3,0,0,0,,,,,,,,,
2026-09-28T16:08:31+00:00,16000069,HANK,502,502,6,3,0,0,0,,,,,,,,,
2026-09-28T16:08:31+00:00,16000072,PEARL,507,507,6,3,0,0,0,,,,,,,,,
2026-09-28T16:08:31+00:00,16000074,CHARLIE,261,261,6,2,0,0,1,,,,,,,,,
2026-09-28T16:08:31+00:00,16000076,KIT,0,0,7,1,1,0,0,,,,,,,,,
2026-09-28T16:08:31+00:00,16000077,LARRY & LAWRIE,502,502,6,3,0,0,0,,,,,,,,,
2026-09-28T16:08:31+00:00,16000079,ANGELO,502,502,6,3,0,0,0,,,,,,,,,
2026-09-28T16:08:31+00:00,16000082,BERRY,510,510,6,3,0,0,0,,,,,,,,,
2026-09-28T16:08:31+00:00,16000086,SHADE,1013,1013,8,5,1,0,1,,,,,,,,,
2026-09-28T16:08:31+00:00,16000089,MEEPLE,504,504,7,3,1,0,0,,,,,,,,,
2026-09-28T16:08:31+00:00,16000090,OLLIE,255,255,6,2,0,0,0,,,,,,,,,
2026-09-28T16:08:31+00:00,16000091,LUMI,811,811,9,4,2,2,0,,,,,,,,,
2026-09-28T16:08:31+00:00,16000092,FINX,1090,1093,9,5,2,2,1,,,,,,,,,
2026-09-28T16:08:31+00:00,16000093,JAE-YONG,517,517,8,3,1,0,0,,,,,,,,,
2026-09-28T16:08:31+00:00,16000094,KAZE,554,554,11,3,2,2,1,,,,,,,,,
2026-09-28T16:08:31+00:00,16000095,ALLI,0,0,8,1,1,0,0,,,,,,,,,
2026-09-28T16:08:31+00:00,16000096,TRUNK,332,332,6,2,0,0,0,,,,,,,,,
2026-09-28T16:08:31+00:00,16000099,PIERCE,0,0,7,1,1,0,0,,,,,,,,,
2026-09-28T16:08:31+00:00,16000100,GIGI,379,379,6,2,0,0,0,,,,,,,,,
2026-09-28T16:08:31+00:00,16000102,SIRIUS,906,906,11,4,1,2,0,,,,,,,,,
2026-09-28T16:08:31+00:00,16000104,DAMIAN,261,261,7,2,2,0,0,,,,,,,,,
2026-09-28T16:08:31+00:00,16000105,STARR NOVA,1016,1016,11,5,2,2,1,,,,,,,,,
2026-09-28T16:08:31+00:00,16000106,BOLT,260,260,6,2,0,0,1,,,,,,,,,
2026-09-28T16:08:31+00:00,16000107,NORI,1003,1003,11,5,1,2,1,,,,,,,,,
2026-09-28T16:08:31+00:00,16000108,WENDY,1005,1005,11,5,2,2,1,,,,,,,,,
2026-09-29T14:50:34+00:00,16000000,SHELLY,521,521,7,3,0,0,0,,,,,,,,,
2026-09-29T14:50:34+00:00,16000001,COLT,591,591,7,3,1,0,1,,,,,,,,,
2026-09-29T14:50:34+00:00,16000002,BULL,510,510,7,3,1,0,0,,,,,,,,,
2026-09-29T14:50:34+00:00,16000003,BROCK,545,545,7,3,0,0,0,,,,,,,,,
2026-09-29T14:50:34+00:00,16000004,RICO,507,511,7,3,0,0,1,,,,,,,,,
2026-09-29T14:50:34+00:00,16000005,SPIKE,0,0,6,1,0,0,0,,,,,,,,,
2026-09-29T14:50:34+00:00,16000006,BARLEY,503,503,6,3,0,0,1,,,,,,,,,
2026-09-29T14:50:34+00:00,16000007,JESSIE,505,515,6,3,0,0,0,,,,,,,,,
2026-09-29T14:50:34+00:00,16000008,NITA,1000,1025,11,5,2,2,1,,,,,,,,,
2026-09-29T14:50:34+00:00,16000009,DYNAMIKE,506,511,6,3,0,0,1,,,,,,,,,
2026-09-29T14:50:34+00:00,16000010,EL PRIMO,500,508,7,3,2,0,1,,,,,,,,,
2026-09-29T14:50:34+00:00,16000011,MORTIS,754,754,9,4,2,2,0,,,,,,,,,
2026-09-29T14:50:34+00:00,16000012,CROW,510,510,8,3,2,0,0,,,,,,,,,
2026-09-29T14:50:34+00:00,16000013,POCO,504,504,7,3,2,0,0,,,,,,,,,
2026-09-29T14:50:34+00:00,16000014,BO,511,511,7,3,2,0,1,,,,,,,,,
2026-09-29T14:50:34+00:00,16000015,PIPER,512,512,6,3,0,0,0,,,,,,,,,
2026-09-29T14:50:34+00:00,16000016,PAM,506,506,6,3,0,0,0,,,,,,,,,
2026-09-29T14:50:34+00:00,16000017,TARA,506,506,7,3,2,0,0,,,,,,,,,
2026-09-29T14:50:34+00:00,16000018,DARRYL,770,784,9,4,2,2,0,,,,,,,,,
2026-09-29T14:50:34+00:00,16000019,PENNY,514,514,6,3,0,0,0,,,,,,,,,
2026-09-29T14:50:34+00:00,16000020,FRANK,512,512,7,3,2,0,0,,,,,,,,,
2026-09-29T14:50:34+00:00,16000022,TICK,501,501,6,3,0,0,0,,,,,,,,,
2026-09-29T14:50:34+00:00,16000024,ROSA,501,506,6,3,0,0,0,,,,,,,,,
2026-09-29T14:50:34+00:00,16000025,CARL,510,510,7,3,2,0,1,,,,,,,,,
2026-09-29T14:50:34+00:00,16000026,BIBI,501,501,6,3,0,0,0,,,,,,,,,
2026-09-29T14:50:34+00:00,16000027,8-BIT,1011,1011,11,5,2,2,1,,,,,,,,,
2026-09-29T14:50:34+00:00,16000029,BEA,502,502,7,3,2,0,1,,,,,,,,,
2026-09-29T14:50:34+00:00,16000030,EMZ,751,751,9,4,2,2,1,,,,,,,,,
2026-09-29T14:50:34+00:00,16000032,MAX,506,506,7,3,0,0,1,,,,,,,,,
2026-09-29T14:50:34+00:00,16000034,JACKY,502,502,6,3,0,0,0,,,,,,,,,
2026-09-29T14:50:34+00:00,16000035,GALE,502,502,8,3,1,0,0,,,,,,,,,
2026-09-29T14:50:34+00:00,16000036,NANI,509,509,6,3,0,0,0,,,,,,,,,
2026-09-29T14:50:34+00:00,16000037,SPROUT,111,111,6,1,0,0,1,,,,,,,,,
2026-09-29T14:50:34+00:00,16000039,COLETTE,506,508,7,3,0,0,0,,,,,,,,,
2026-09-29T14:50:34+00:00,16000040,AMBER,753,753,9,4,2,2,0,,,,,,,,,
2026-09-29T14:50:34+00:00,16000041,LOU,503,503,6,3,0,0,0,,,,,,,,,
2026-09-29T14:50:34+00:00,16000043,EDGAR,1011,1011,9,5,2,2,0,,,,,,,,,
2026-09-29T14:50:34+00:00,16000045,STU,500,500,6,3,0,0,1,,,,,,,,,
2026-09-29T14:50:34+00:00,16000046,BELLE,516,516,6,3,0,0,0,,,,,,,,,
2026-09-29T14:50:34+00:00,16000048,GROM,316,316,6,2,0,0,0,,,,,,,,,
2026-09-29T14:50:34+00:00,16000050,GRIFF,1002,1002,9,5,2,2,0,,,,,,,,,
2026-09-29T14:50:34+00:00,16000051,ASH,507,507,6,3,0,0,0,,,,,,,,,
2026-09-29T14:50:34+00:00,16000053,LOLA,500,500,6,3,0,0,0,,,,,,,,,
2026-09-29T14:50:34+00:00,16000056,EVE,259,259,6,2,0,0,0,,,,,,,,,
2026-09-29T14:50:34+00:00,16000058,BONNIE,507,507,6,3,0,0,1,,,,,,,,,
2026-09-29T14:50:34+00:00,16000060,SAM,503,503,6,3,0,0,0,,,,,,,,,
2026-09-29T14:50:34+00:00,16000061,GUS,544,544,9,3,1,2,1,,,,,,,,,
2026-09-29T14:50:34+00:00,16000065,MANDY,504,504,6,3,0,0,0,,,,,,,,,
2026-09-29T14:50:34+00:00,16000068,MAISIE,508,508,6,3,0,0,0,,,,,,,,,
2026-09-29T14:50:34+00:00,16000069,HANK,502,502,6,3,0,0,0,,,,,,,,,
2026-09-29T14:50:34+00:00,16000072,PEARL,507,507,6,3,0,0,0,,,,,,,,,
2026-09-29T14:50:34+00:00,16000074,CHARLIE,261,261,6,2,0,0,1,,,,,,,,,
2026-09-29T14:50:34+00:00,16000076,KIT,0,0,7,1,1,0,0,,,,,,,,,
2026-09-29T14:50:34+00:00,16000077,LARRY & LAWRIE,502,502,6,3,0,0,0,,,,,,,,,
2026-09-29T14:50:34+00:00,16000079,ANGELO,502,502,6,3,0,0,0,,,,,,,,,
2026-09-29T14:50:34+00:00,16000082,BERRY,510,510,6,3,0,0,0,,,,,,,,,
2026-09-29T14:50:34+00:00,16000086,SHADE,1013,1013,8,5,1,0,1,,,,,,,,,
2026-09-29T14:50:34+00:00,16000089,MEEPLE,504,504,7,3,1,0,0,,,,,,,,,
2026-09-29T14:50:34+00:00,16000090,OLLIE,255,255,6,2,0,0,0,,,,,,,,,
2026-09-29T14:50:34+00:00,16000091,LUMI,811,811,9,4,2,2,0,,,,,,,,,
2026-09-29T14:50:34+00:00,16000092,FINX,1090,1093,9,5,2,2,1,,,,,,,,,
2026-09-29T14:50:34+00:00,16000093,JAE-YONG,517,517,8,3,1,0,0,,,,,,,,,
2026-09-29T14:50:34+00:00,16000094,KAZE,554,554,11,3,2,2,1,,,,,,,,,
2026-09-29T14:50:34+00:00,16000095,ALLI,0,0,8,1,1,0,0,,,,,,,,,
2026-09-29T14:50:34+00:00,16000096,TRUNK,505,505,6,3,0,0,0,,,,,,,,,
2026-09-29T14:50:34+00:00,16000099,PIERCE,0,0,7,1,1,0,0,,,,,,,,,
2026-09-29T14:50:34+00:00,16000100,GIGI,379,379,6,2,0,0,0,,,,,,,,,
2026-09-29T14:50:34+00:00,16000102,SIRIUS,906,906,11,4,1,2,0,,,,,,,,,
2026-09-29T14:50:34+00:00,16000104,DAMIAN,261,261,7,2,2,0,0,,,,,,,,,
2026-09-29T14:50:34+00:00,16000105,STARR NOVA,1016,1016,11,5,2,2,1,,,,,,,,,
2026-09-29T14:50:34+00:00,16000106,BOLT,401,401,6,2,0,0,1,,,,,,,,,
2026-09-29T14:50:34+00:00,16000107,NORI,1003,1003,11,5,1,2,1,,,,,,,,,
2026-09-29T14:50:34+00:00,16000108,WENDY,1005,1005,11,5,2,2,1,,,,,,,,,
2026-09-30T14:19:08+00:00,16000000,SHELLY,521,521,7,3,0,0,0,,,,,,,,,
2026-09-30T14:19:08+00:00,16000001,COLT,591,591,7,3,1,0,1,,,,,,,,,
2026-09-30T14:19:08+00:00,16000002,BULL,510,510,7,3,1,0,0,,,,,,,,,
2026-09-30T14:19:08+00:00,16000003,BROCK,545,545,7,3,0,0,0,,,,,,,,,
2026-09-30T14:19:08+00:00,16000004,RICO,507,511,7,3,0,0,1,,,,,,,,,
2026-09-30T14:19:08+00:00,16000005,SPIKE,0,0,6,1,0,0,0,,,,,,,,,
2026-09-30T14:19:08+00:00,16000006,BARLEY,503,503,6,3,0,0,1,,,,,,,,,
2026-09-30T14:19:08+00:00,16000007,JESSIE,505,515,6,3,0,0,0,,,,,,,,,
2026-09-30T14:19:08+00:00,16000008,NITA,1000,1025,11,5,2,2,1,,,,,,,,,
2026-09-30T14:19:08+00:00,16000009,DYNAMIKE,506,511,6,3,0,0,1,,,,,,,,,
2026-09-30T14:19:08+00:00,16000010,EL PRIMO,500,508,7,3,2,0,1,,,,,,,,,
2026-09-30T14:19:08+00:00,16000011,MORTIS,754,754,9,4,2,2,0,,,,,,,,,
2026-09-30T14:19:08+00:00,16000012,CROW,510,510,8,3,2,0,0,,,,,,,,,
2026-09-30T14:19:08+00:00,16000013,POCO,504,504,7,3,2,0,0,,,,,,,,,
2026-09-30T14:19:08+00:00,16000014,BO,511,511,7,3,2,0,1,,,,,,,,,
2026-09-30T14:19:08+00:00,16000015,PIPER,512,512,6,3,0,0,0,,,,,,,,,
2026-09-30T14:19:08+00:00,16000016,PAM,506,506,6,3,0,0,0,,,,,,,,,
2026-09-30T14:19:08+00:00,16000017,TARA,506,506,7,3,2,0,0,,,,,,,,,
2026-09-30T14:19:08+00:00,16000018,DARRYL,770,784,9,4,2,2,0,,,,,,,,,
2026-09-30T14:19:08+00:00,16000019,PENNY,514,514,6,3,0,0,0,,,,,,,,,
2026-09-30T14:19:08+00:00,16000020,FRANK,512,512,7,3,2,0,0,,,,,,,,,
2026-09-30T14:19:08+00:00,16000022,TICK,501,501,6,3,0,0,0,,,,,,,,,
2026-09-30T14:19:08+00:00,16000024,ROSA,501,506,6,3,0,0,0,,,,,,,,,
2026-09-30T14:19:08+00:00,16000025,CARL,510,510,7,3,2,0,1,,,,,,,,,
2026-09-30T14:19:08+00:00,16000026,BIBI,501,501,6,3,0,0,0,,,,,,,,,
2026-09-30T14:19:08+00:00,16000027,8-BIT,1011,1011,11,5,2,2,1,,,,,,,,,
2026-09-30T14:19:08+00:00,16000029,BEA,502,502,7,3,2,0,1,,,,,,,,,
2026-09-30T14:19:08+00:00,16000030,EMZ,751,751,9,4,2,2,1,,,,,,,,,
2026-09-30T14:19:08+00:00,16000032,MAX,506,506,7,3,0,0,1,,,,,,,,,
2026-09-30T14:19:08+00:00,16000034,JACKY,502,502,6,3,0,0,0,,,,,,,,,
2026-09-30T14:19:08+00:00,16000035,GALE,502,502,8,3,1,0,0,,,,,,,,,
2026-09-30T14:19:08+00:00,16000036,NANI,509,509,6,3,0,0,0,,,,,,,,,
2026-09-30T14:19:08+00:00,16000037,SPROUT,111,111,6,1,0,0,1,,,,,,,,,
2026-09-30T14:19:08+00:00,16000039,COLETTE,506,508,7,3,0,0,0,,,,,,,,,
2026-09-30T14:19:08+00:00,16000040,AMBER,753,753,9,4,2,2,0,,,,,,,,,
2026-09-30T14:19:08+00:00,16000041,LOU,503,503,6,3,0,0,0,,,,,,,,,
2026-09-30T14:19:08+00:00,16000043,EDGAR,1011,1011,9,5,2,2,0,,,,,,,,,
2026-09-30T14:19:08+00:00,16000045,STU,500,500,6,3,0,0,1,,,,,,,,,
2026-09-30T14:19:08+00:00,16000046,BELLE,516,516,6,3,0,0,0,,,,,,,,,
2026-09-30T14:19:08+00:00,16000048,GROM,503,503,6,3,0,0,0,,,,,,,,,
2026-09-30T14:19:08+00:00,16000050,GRIFF,1002,1002,9,5,2,2,0,,,,,,,,,
2026-09-30T14:19:08+00:00,16000051,ASH,507,507,6,3,0,0,0,,,,,,,,,
2026-09-30T14:19:08+00:00,16000053,LOLA,500,500,6,3,0,0,0,,,,,,,,,
2026-09-30T14:19:08+00:00,16000056,EVE,302,302,6,2,0,0,0,,,,,,,,,
2026-09-30T14:19:08+00:00,16000058,BONNIE,507,507,6,3,0,0,1,,,,,,,,,
2026-09-30T14:19:08+00:00,16000060,SAM,503,503,6,3,0,0,0,,,,,,,,,
2026-09-30T14:19:08+00:00,16000061,GUS,544,544,9,3,1,2,1,,,,,,,,,
2026-09-30T14:19:08+00:00,16000065,MANDY,504,504,6,3,0,0,0,,,,,,,,,
2026-09-30T14:19:08+00:00,16000068,MAISIE,508,508,6,3,0,0,0,,,,,,,,,
2026-09-30T14:19:08+00:00,16000069,HANK,502,502,6,3,0,0,0,,,,,,,,,
2026-09-30T14:19:08+00:00,16000072,PEARL,507,507,6,3,0,0,0,,,,,,,,,
2026-09-30T14:19:08+00:00,16000074,CHARLIE,507,507,6,3,0,0,1,,,,,,,,,
2026-09-30T14:19:08+00:00,16000076,KIT,0,0,7,1,1,0,0,,,,,,,,,
2026-09-30T14:19:08+00:00,16000077,LARRY & LAWRIE,502,502,6,3,0,0,0,,,,,,,,,
2026-09-30T14:19:08+00:00,16000079,ANGELO,502,502,6,3,0,0,1,,,,,,,,,
2026-09-30T14:19:08+00:00,16000082,BERRY,510,510,6,3,0,0,0,,,,,,,,,
2026-09-30T14:19:08+00:00,16000086,SHADE,1013,1013,8,5,1,0,1,,,,,,,,,
2026-09-30T14:19:08+00:00,16000089,MEEPLE,504,504,7,3,1,0,0,,,,,,,,,
2026-09-30T14:19:08+00:00,16000090,OLLIE,503,503,6,3,0,0,0,,,,,,,,,
2026-09-30T14:19:08+00:00,16000091,LUMI,839,839,9,4,2,2,0,,,,,,,,,
2026-09-30T14:19:08+00:00,16000092,FINX,1090,1093,9,5,2,2,1,,,,,,,,,
2026-09-30T14:19:08+00:00,16000093,JAE-YONG,517,517,8,3,1,0,0,,,,,,,,,
2026-09-30T14:19:08+00:00,16000094,KAZE,554,554,11,3,2,2,1,,,,,,,,,
2026-09-30T14:19:08+00:00,16000095,ALLI,0,0,8,1,1,0,0,,,,,,,,,
2026-09-30T14:19:08+00:00,16000096,TRUNK,505,505,6,3,0,0,0,,,,,,,,,
2026-09-30T14:19:08+00:00,16000099,PIERCE,0,0,7,1,1,0,0,,,,,,,,,
2026-09-30T14:19:08+00:00,16000100,GIGI,379,379,6,2,0,0,0,,,,,,,,,
2026-09-30T14:19:08+00:00,16000102,SIRIUS,906,906,11,4,1,2,0,,,,,,,,,
2026-09-30T14:19:08+00:00,16000104,DAMIAN,326,326,7,2,2,0,0,,,,,,,,,
2026-09-30T14:19:08+00:00,16000105,STARR NOVA,1016,1016,11,5,2,2,1,,,,,,,,,
2026-09-30T14:19:08+00:00,16000106,BOLT,503,503,6,3,0,0,1,,,,,,,,,
2026-09-30T14:19:08+00:00,16000107,NORI,1003,1003,11,5,1,2,1,,,,,,,,,
2026-09-30T14:19:08+00:00,16000108,WENDY,1005,1005,11,5,2,2,1,,,,,,,,,
2026-10-01T19:43:34+00:00,16000000,SHELLY,521,521,7,3,1,0,0,0,1,6,True,False,False,,,,,,,,,
2026-10-01T19:43:34+00:00,16000001,COLT,591,591,7,3,1,0,1,0,1,11,False,False,True,,,,,,,,,
2026-10-01T19:43:34+00:00,16000002,BULL,510,510,7,3,1,0,0,0,1,6,False,True,False,,,,,,,,,
2026-10-01T19:43:34+00:00,16000003,BROCK,545,545,7,3,1,0,0,0,4,5,False,False,False,,,,,,,,,
2026-10-01T19:43:34+00:00,16000004,RICO,507,511,7,3,0,0,1,0,0,8,False,False,False,,,,,,,,,
2026-10-01T19:43:34+00:00,16000005,SPIKE,0,0,6,1,0,0,0,0,0,0,False,False,False,,,,,,,,,
2026-10-01T19:43:34+00:00,16000006,BARLEY,503,503,6,3,0,0,1,0,1,8,False,False,False,,,,,,,,,
2026-10-01T19:43:34+00:00,16000007,JESSIE,505,515,6,3,0,0,0,0,0,3,False,False,False,,,,,,,,,
2026-10-01T19:43:34+00:00,16000008,NITA,1000,1025,11,5,2,2,1,1,0,10,True,False,True,,,,,,,,,
2026-10-01T19:43:34+00:00,16000009,DYNAMIKE,506,511,6,3,0,0,1,0,0,6,False,False,False,,,,,,,,,
2026-10-01T19:43:34+00:00,16000010,EL PRIMO,500,508,7,3,2,0,1,0,0,6,False,False,False,,,,,,,,,
2026-10-01T19:43:34+00:00,16000011,MORTIS,754,754,9,4,2,2,0,0,1,7,False,True,False,,,,,,,,,
2026-10-01T19:43:34+00:00,16000012,CROW,510,510,9,3,2,1,0,0,3,11,True,False,False,,,,,,,,,
2026-10-01T19:43:34+00:00,16000013,POCO,504,504,7,3,2,0,0,0,4,4,False,False,False,,,,,,,,,
2026-10-01T19:43:34+00:00,16000014,BO,511,511,7,3,2,0,1,0,4,11,False,False,True,,,,,,,,,
2026-10-01T19:43:34+00:00,16000015,PIPER,512,512,6,3,0,0,0,0,12,12,False,False,False,,,,,,,,,
2026-10-01T19:43:34+00:00,16000016,PAM,506,506,6,3,0,0,0,0,2,10,False,False,False,,,,,,,,,
2026-10-01T19:43:34+00:00,16000017,TARA,506,506,7,3,2,0,0,0,3,9,False,False,False,,,,,,,,,
2026-10-01T19:43:34+00:00,16000018,DARRYL,770,784,9,4,2,2,0,0,0,12,False,False,False,,,,,,,,,
2026-10-01T19:43:34+00:00,16000019,PENNY,514,514,6,3,0,0,0,0,5,5,False,False,False,,,,,,,,,
2026-10-01T19:43:34+00:00,16000020,FRANK,512,512,7,3,2,0,0,0,1,13,False,False,False,,,,,,,,,
2026-10-01T19:43:34+00:00,16000022,TICK,501,501,6,3,0,0,0,0,3,8,False,False,False,,,,,,,,,
2026-10-01T19:43:34+00:00,16000024,ROSA,501,506,6,3,0,0,0,0,0,8,False,False,False,,,,,,,,,
2026-10-01T19:43:34+00:00,16000025,CARL,510,510,7,3,2,0,1,0,2,3,False,False,False,,,,,,,,,
2026-10-01T19:43:34+00:00,16000026,BIBI,501,501,6,3,0,0,0,0,5,6,False,False,False,,,,,,,,,
2026-10-01T19:43:34+00:00,16000027,8-BIT,1011,1011,11,5,2,2,1,1,10,22,True,True,True,,,,,,,,,
2026-10-01T19:43:34+00:00,16000029,BEA,502,502,7,3,2,0,1,0,2,10,False,False,False,,,,,,,,,
2026-10-01T19:43:34+00:00,16000030,EMZ,751,751,9,4,2,2,1,0,3,10,False,False,False,,,,,,,,,
2026-10-01T19:43:34+00:00,16000032,MAX,506,506,7,3,1,0,1,0,1,8,True,False,False,,,,,,,,,
2026-10-01T19:43:34+00:00,16000034,JACKY,502,502,6,3,0,0,0,0,2,10,False,False,False,,,,,,,,,
2026-10-01T19:43:34+00:00,16000035,GALE,502,502,8,3,1,0,0,0,2,11,False,False,False,,,,,,,,,
2026-10-01T19:43:34+00:00,16000036,NANI,509,509,6,3,0,0,0,0,12,13,False,False,False,,,,,,,,,
2026-10-01T19:43:34+00:00,16000037,SPROUT,128,128,6,1,0,0,1,0,8,8,False,False,False,,,,,,,,,
2026-10-01T19:43:34+00:00,16000039,COLETTE,504,508,7,3,2,0,0,0,0,12,False,False,False,,,,,,,,,
2026-10-01T19:43:34+00:00,16000040,AMBER,753,753,9,4,2,2,0,0,9,22,True,False,False,,,,,,,,,
2026-10-01T19:43:34+00:00,16000041,LOU,503,503,6,3,0,0,0,0,1,10,False,False,False,,,,,,,,,
2026-10-01T19:43:34+00:00,16000043,EDGAR,1011,1011,9,5,2,2,0,1,12,19,True,True,True,,,,,,,,,
2026-10-01T19:43:34+00:00,16000045,STU,500,500,6,3,0,0,1,0,1,6,False,False,False,,,,,,,,,
2026-10-01T19:43:34+00:00,16000046,BELLE,516,516,6,3,0,0,0,0,6,18,False,False,False,,,,,,,,,
2026-10-01T19:43:34+00:00,16000048,GROM,503,503,6,3,0,0,0,0,2,20,False,False,False,,,,,,,,,
2026-10-01T19:43:34+00:00,16000049,BUZZ,510,510,6,3,0,0,0,0,4,12,False,False,False,,,,,,,,,
2026-10-01T19:43:34+00:00,16000050,GRIFF,1002,1002,9,5,2,2,0,1,1,15,True,True,True,,,,,,,,,
2026-10-01T19:43:34+00:00,16000051,ASH,507,507,6,3,0,0,0,0,1,7,False,False,False,,,,,,,,,
2026-10-01T19:43:34+00:00,16000053,LOLA,500,500,6,3,0,0,0,0,2,8,False,False,False,,,,,,,,,
2026-10-01T19:43:34+00:00,16000056,EVE,514,514,6,3,0,0,0,0,21,21,False,False,False,,,,,,,,,
2026-10-01T19:43:34+00:00,16000058,BONNIE,507,507,6,3,0,0,1,0,14,14,False,False,False,,,,,,,,,
2026-10-01T19:43:34+00:00,16000060,SAM,503,503,6,3,0,0,0,0,12,12,False,False,False,,,,,,,,,
2026-10-01T19:43:34+00:00,16000061,GUS,544,544,11,3,1,2,1,0,1,8,True,True,True,,,,,,,,,
2026-10-01T19:43:34+00:00,16000065,MANDY,504,504,6,3,0,0,0,0,5,13,False,False,False,,,,,,,,,
2026-10-01T19:43:34+00:00,16000068,MAISIE,508,508,6,3,0,0,0,0,1,10,False,False,False,,,,,,,,,
2026-10-01T19:43:34+00:00,16000069,HANK,502,502,6,3,0,0,0,0,5,16,False,False,False,,,,,,,,,
2026-10-01T19:43:34+00:00,16000072,PEARL,507,507,6,3,0,0,0,0,5,10,False,False,False,,,,,,,,,
2026-10-01T19:43:34+00:00,16000074,CHARLIE,507,507,6,3,0,0,1,0,9,11,False,False,False,,,,,,,,,
2026-10-01T19:43:34+00:00,16000076,KIT,0,0,9,1,1,1,0,0,0,0,False,False,False,,,,,,,,,
2026-10-01T19:43:34+00:00,16000077,LARRY & LAWRIE,502,502,6,3,0,0,0,0,3,8,False,False,False,,,,,,,,,
2026-10-01T19:43:34+00:00,16000079,ANGELO,502,502,6,3,0,0,1,0,2,17,False,False,False,,,,,,,,,
2026-10-01T19:43:34+00:00,16000082,BERRY,510,510,6,3,0,0,0,0,8,8,False,False,False,,,,,,,,,
2026-10-01T19:43:34+00:00,16000086,SHADE,1013,1013,8,5,1,0,1,1,5,13,True,True,True,,,,,,,,,
2026-10-01T19:43:34+00:00,16000089,MEEPLE,504,504,7,3,1,0,0,0,2,10,False,False,False,,,,,,,,,
2026-10-01T19:43:34+00:00,16000090,OLLIE,503,503,6,3,0,0,0,0,5,12,False,False,False,,,,,,,,,
2026-10-01T19:43:34+00:00,16000091,LUMI,905,905,9,4,2,2,0,0,3,15,False,False,False,,,,,,,,,
2026-10-01T19:43:34+00:00,16000092,FINX,1090,1093,9,5,2,2,1,1,0,34,False,False,False,,,,,,,,,
2026-10-01T19:43:34+00:00,16000093,JAE-YONG,517,517,8,3,1,0,0,0,6,18,False,False,False,,,,,,,,,
2026-10-01T19:43:34+00:00,16000094,KAZE,554,554,11,3,2,2,1,0,29,29,False,False,False,,,,,,,,,
2026-10-01T19:43:34+00:00,16000095,ALLI,485,485,9,2,1,1,0,0,6,10,False,False,False,,,,,,,,,
2026-10-01T19:43:34+00:00,16000096,TRUNK,505,505,6,3,0,0,0,0,2,10,False,False,False,,,,,,,,,
2026-10-01T19:43:34+00:00,16000099,PIERCE,0,0,7,1,1,0,0,0,0,0,False,False,False,,,,,,,,,
2026-10-01T19:43:34+00:00,16000100,GIGI,379,379,6,2,0,0,0,0,1,9,False,False,False,,,,,,,,,
2026-10-01T19:43:34+00:00,16000102,SIRIUS,906,906,11,4,1,2,0,0,2,13,False,False,False,,,,,,,,,
2026-10-01T19:43:34+00:00,16000104,DAMIAN,326,326,7,2,2,0,0,0,9,9,False,False,False,,,,,,,,,
2026-10-01T19:43:34+00:00,16000105,STARR NOVA,1016,1016,11,5,2,2,1,1,6,11,False,False,False,,,,,,,,,
2026-10-01T19:43:34+00:00,16000106,BOLT,503,503,6,3,0,0,1,0,5,10,False,False,False,,,,,,,,,
2026-10-01T19:43:34+00:00,16000107,NORI,1003,1003,11,5,1,2,1,1,5,12,False,False,False,,,,,,,,,
2026-10-01T19:43:34+00:00,16000108,WENDY,1005,1005,11,5,2,2,1,1,19,19,False,False,False,,,,,,,,,
2026-10-02T14:13:29+00:00,16000000,SHELLY,521,521,7,3,1,0,0,0,1,6,True,False,False,,,,,,,,,
2026-10-02T14:13:29+00:00,16000001,COLT,591,591,7,3,1,0,1,0,1,11,False,False,True,,,,,,,,,
2026-10-02T14:13:29+00:00,16000002,BULL,510,510,7,3,1,0,0,0,1,6,False,True,False,,,,,,,,,
2026-10-02T14:13:29+00:00,16000003,BROCK,545,545,7,3,1,0,0,0,4,5,False,False,False,,,,,,,,,
2026-10-02T14:13:29+00:00,16000004,RICO,507,511,7,3,0,0,1,0,0,8,False,False,False,,,,,,,,,
2026-10-02T14:13:29+00:00,16000005,SPIKE,263,263,6,2,0,0,0,0,4,7,False,False,False,,,,,,,,,
2026-10-02T14:13:29+00:00,16000006,BARLEY,503,503,6,3,0,0,1,0,1,8,False,False,False,,,,,,,,,
2026-10-02T14:13:29+00:00,16000007,JESSIE,505,515,6,3,0,0,0,0,0,3,False,False,False,,,,,,,,,
2026-10-02T14:13:29+00:00,16000008,NITA,1000,1025,11,5,2,2,1,1,0,10,True,False,True,,,,,,,,,
2026-10-02T14:13:29+00:00,16000009,DYNAMIKE,506,511,6,3,0,0,1,0,0,6,False,False,False,,,,,,,,,
2026-10-02T14:13:29+00:00,16000010,EL PRIMO,500,508,7,3,2,0,1,0,0,6,False,False,False,,,,,,,,,
2026-10-02T14:13:29+00:00,16000011,MORTIS,754,754,9,4,2,2,0,0,1,7,False,True,False,,,,,,,,,
2026-10-02T14:13:29+00:00,16000012,CROW,510,510,9,3,2,1,0,0,3,11,True,False,False,,,,,,,,,
2026-10-02T14:13:29+00:00,16000013,POCO,504,504,7,3,2,0,0,0,4,4,False,False,False,,,,,,,,,
2026-10-02T14:13:29+00:00,16000014,BO,511,511,7,3,2,0,1,0,4,11,False,False,True,,,,,,,,,
2026-10-02T14:13:29+00:00,16000015,PIPER,512,512,6,3,0,0,0,0,12,12,False,False,False,,,,,,,,,
2026-10-02T14:13:29+00:00,16000016,PAM,506,506,6,3,0,0,0,0,2,10,False,False,False,,,,,,,,,
2026-10-02T14:13:29+00:00,16000017,TARA,506,506,7,3,2,0,0,0,3,9,False,False,False,,,,,,,,,
2026-10-02T14:13:29+00:00,16000018,DARRYL,770,784,9,4,2,2,0,0,0,12,False,False,False,,,,,,,,,
2026-10-02T14:13:29+00:00,16000019,PENNY,514,514,6,3,0,0,0,0,5,5,False,False,False,,,,,,,,,
2026-10-02T14:13:29+00:00,16000020,FRANK,512,512,7,3,2,0,0,0,1,13,False,False,False,,,,,,,,,
2026-10-02T14:13:29+00:00,16000022,TICK,501,501,6,3,0,0,0,0,3,8,False,False,False,,,,,,,,,
2026-10-02T14:13:29+00:00,16000024,ROSA,501,506,6,3,0,0,0,0,0,8,False,False,False,,,,,,,,,
2026-10-02T14:13:29+00:00,16000025,CARL,510,510,7,3,2,0,1,0,2,3,False,False,False,,,,,,,,,
2026-10-02T14:13:29+00:00,16000026,BIBI,501,501,6,3,0,0,0,0,5,6,False,False,False,,,,,,,,,
2026-10-02T14:13:29+00:00,16000027,8-BIT,1011,1011,11,5,2,2,1,1,10,22,True,True,True,,,,,,,,,
2026-10-02T14:13:29+00:00,16000029,BEA,502,502,7,3,2,0,1,0,2,10,False,False,False,,,,,,,,,
2026-10-02T14:13:29+00:00,16000030,EMZ,751,751,9,4,2,2,1,0,3,10,False,False,False,,,,,,,,,
2026-10-02T14:13:29+00:00,16000032,MAX,522,522,7,3,1,0,1,0,2,8,True,False,False,,,,,,,,,
2026-10-02T14:13:29+00:00,16000034,JACKY,502,502,6,3,0,0,0,0,2,10,False,False,False,,,,,,,,,
2026-10-02T14:13:29+00:00,16000035,GALE,502,502,8,3,1,0,0,0,2,11,False,False,False,,,,,,,,,
2026-10-02T14:13:29+00:00,16000036,NANI,509,509,6,3,0,0,0,0,12,13,False,False,False,,,,,,,,,
2026-10-02T14:13:29+00:00,16000037,SPROUT,128,128,6,1,0,0,1,0,8,8,False,False,False,,,,,,,,,
2026-10-02T14:13:29+00:00,16000039,COLETTE,504,508,7,3,2,0,0,0,0,12,False,False,False,,,,,,,,,
2026-10-02T14:13:29+00:00,16000040,AMBER,753,753,9,4,2,2,0,0,9,22,True,False,False,,,,,,,,,
2026-10-02T14:13:29+00:00,16000041,LOU,503,503,6,3,0,0,0,0,1,10,False,False,False,,,,,,,,,
2026-10-02T14:13:29+00:00,16000043,EDGAR,1011,1011,9,5,2,2,0,1,12,19,True,True,True,,,,,,,,,
2026-10-02T14:13:29+00:00,16000045,STU,500,500,6,3,0,0,1,0,1,6,False,False,False,,,,,,,,,
2026-10-02T14:13:29+00:00,16000046,BELLE,516,516,6,3,0,0,0,0,6,18,False,False,False,,,,,,,,,
2026-10-02T14:13:29+00:00,16000048,GROM,503,503,6,3,0,0,0,0,2,20,False,False,False,,,,,,,,,
2026-10-02T14:13:29+00:00,16000049,BUZZ,510,510,6,3,0,0,0,0,4,12,False,False,False,,,,,,,,,
2026-10-02T14:13:29+00:00,16000050,GRIFF,1002,1002,9,5,2,2,0,1,1,15,True,True,True,,,,,,,,,
2026-10-02T14:13:29+00:00,16000051,ASH,507,507,6,3,0,0,0,0,1,7,False,False,False,,,,,,,,,
2026-10-02T14:13:29+00:00,16000053,LOLA,500,500,6,3,0,0,0,0,2,8,False,False,False,,,,,,,,,
2026-10-02T14:13:29+00:00,16000056,EVE,514,514,6,3,0,0,0,0,21,21,False,False,False,,,,,,,,,
2026-10-02T14:13:29+00:00,16000058,BONNIE,507,507,6,3,0,0,1,0,14,14,False,False,False,,,,,,,,,
2026-10-02T14:13:29+00:00,16000060,SAM,503,503,6,3,0,0,0,0,12,12,False,False,False,,,,,,,,,
2026-10-02T14:13:29+00:00,16000061,GUS,544,544,11,3,1,2,1,0,1,8,True,True,True,,,,,,,,,
2026-10-02T14:13:29+00:00,16000065,MANDY,504,504,6,3,0,0,0,0,5,13,False,False,False,,,,,,,,,
2026-10-02T14:13:29+00:00,16000068,MAISIE,508,508,6,3,0,0,0,0,1,10,False,False,False,,,,,,,,,
2026-10-02T14:13:29+00:00,16000069,HANK,502,502,6,3,0,0,0,0,5,16,False,False,False,,,,,,,,,
2026-10-02T14:13:29+00:00,16000072,PEARL,507,507,6,3,0,0,0,0,5,10,False,False,False,,,,,,,,,
2026-10-02T14:13:29+00:00,16000074,CHARLIE,507,507,6,3,0,0,1,0,9,11,False,False,False,,,,,,,,,
2026-10-02T14:13:29+00:00,16000076,KIT,0,0,9,1,1,1,0,0,0,0,False,False,False,,,,,,,,,
2026-10-02T14:13:29+00:00,16000077,LARRY & LAWRIE,502,502,6,3,0,0,0,0,3,8,False,False,False,,,,,,,,,
2026-10-02T14:13:29+00:00,16000079,ANGELO,502,502,6,3,0,0,1,0,2,17,False,False,False,,,,,,,,,
2026-10-02T14:13:29+00:00,16000082,BERRY,510,510,6,3,0,0,0,0,8,8,False,False,False,,,,,,,,,
2026-10-02T14:13:29+00:00,16000086,SHADE,1013,1013,8,5,1,0,1,1,5,13,True,True,True,,,,,,,,,
2026-10-02T14:13:29+00:00,16000089,MEEPLE,504,504,7,3,1,0,0,0,2,10,False,False,False,,,,,,,,,
2026-10-02T14:13:29+00:00,16000090,OLLIE,503,503,6,3,0,0,0,0,5,12,False,False,False,,,,,,,,,
2026-10-02T14:13:29+00:00,16000091,LUMI,905,905,9,4,2,2,0,0,3,15,False,False,False,,,,,,,,,
2026-10-02T14:13:29+00:00,16000092,FINX,1090,1093,9,5,2,2,1,1,0,34,False,False,False,,,,,,,,,
2026-10-02T14:13:29+00:00,16000093,JAE-YONG,517,517,8,3,1,0,0,0,6,18,False,False,False,,,,,,,,,
2026-10-02T14:13:29+00:00,16000094,KAZE,554,554,11,3,2,2,1,0,29,29,False,False,False,,,,,,,,,
2026-10-02T14:13:29+00:00,16000095,ALLI,516,516,9,3,1,1,0,0,8,10,False,False,False,,,,,,,,,
2026-10-02T14:13:29+00:00,16000096,TRUNK,505,505,6,3,0,0,0,0,2,10,False,False,False,,,,,,,,,
2026-10-02T14:13:29+00:00,16000099,PIERCE,0,0,7,1,1,0,0,0,0,0,False,False,False,,,,,,,,,
2026-10-02T14:13:29+00:00,16000100,GIGI,508,508,6,3,0,0,0,0,6,9,False,False,False,,,,,,,,,
2026-10-02T14:13:29+00:00,16000102,SIRIUS,906,906,11,4,1,2,0,0,2,13,False,False,False,,,,,,,,,
2026-10-02T14:13:29+00:00,16000104,DAMIAN,506,506,7,3,2,0,0,0,4,11,False,False,False,,,,,,,,,
2026-10-02T14:13:29+00:00,16000105,STARR NOVA,1016,1016,11,5,2,2,1,1,6,11,False,False,False,,,,,,,,,
2026-10-02T14:13:29+00:00,16000106,BOLT,503,503,6,3,0,0,1,0,5,10,False,False,False,,,,,,,,,
2026-10-02T14:13:29+00:00,16000107,NORI,1003,1003,11,5,1,2,1,1,5,12,False,False,False,,,,,,,,,
2026-10-02T14:13:29+00:00,16000108,WENDY,1005,1005,11,5,2,2,1,1,19,19,False,False,False,,,,,,,,,
2026-10-03T14:13:35+00:00,16000000,SHELLY,521,521,7,3,1,0,0,0,1,6,True,False,False,,,,,,,,,
2026-10-03T14:13:35+00:00,16000001,COLT,591,591,7,3,1,0,1,0,1,11,False,False,True,,,,,,,,,
2026-10-03T14:13:35+00:00,16000002,BULL,510,510,7,3,1,0,0,0,1,6,False,True,False,,,,,,,,,
2026-10-03T14:13:35+00:00,16000003,BROCK,545,545,7,3,1,0,0,0,4,5,False,False,False,,,,,,,,,
2026-10-03T14:13:35+00:00,16000004,RICO,507,511,7,3,0,0,1,0,0,8,False,False,False,,,,,,,,,
2026-10-03T14:13:35+00:00,16000005,SPIKE,506,506,6,3,0,0,0,0,5,7,False,False,False,,,,,,,,,
2026-10-03T14:13:35+00:00,16000006,BARLEY,503,503,6,3,0,0,1,0,1,8,False,False,False,,,,,,,,,
2026-10-03T14:13:35+00:00,16000007,JESSIE,505,515,6,3,0,0,0,0,0,3,False,False,False,,,,,,,,,
2026-10-03T14:13:35+00:00,16000008,NITA,1000,1025,11,5,2,2,1,1,0,10,True,False,True,,,,,,,,,
2026-10-03T14:13:35+00:00,16000009,DYNAMIKE,506,511,6,3,0,0,1,0,0,6,False,False,False,,,,,,,,,
2026-10-03T14:13:35+00:00,16000010,EL PRIMO,500,508,7,3,2,0,1,0,0,6,False,False,False,,,,,,,,,
2026-10-03T14:13:35+00:00,16000011,MORTIS,754,754,9,4,2,2,0,0,1,7,False,True,False,,,,,,,,,
2026-10-03T14:13:35+00:00,16000012,CROW,510,510,9,3,2,2,0,0,3,11,True,False,False,,,,,,,,,
2026-10-03T14:13:35+00:00,16000013,POCO,504,504,7,3,2,0,0,0,4,4,False,False,False,,,,,,,,,
2026-10-03T14:13:35+00:00,16000014,BO,511,511,7,3,2,0,1,0,4,11,False,False,True,,,,,,,,,
2026-10-03T14:13:35+00:00,16000015,PIPER,512,512,6,3,0,0,0,0,12,12,False,False,False,,,,,,,,,
2026-10-03T14:13:35+00:00,16000016,PAM,506,506,6,3,0,0,0,0,2,10,False,False,False,,,,,,,,,
2026-10-03T14:13:35+00:00,16000017,TARA,506,506,7,3,2,0,0,0,3,9,False,False,False,,,,,,,,,
2026-10-03T14:13:35+00:00,16000018,DARRYL,770,784,9,4,2,2,1,0,0,12,False,False,False,,,,,,,,,
2026-10-03T14:13:35+00:00,16000019,PENNY,514,514,6,3,0,0,0,0,5,5,False,False,False,,,,,,,,,
2026-10-03T14:13:35+00:00,16000020,FRANK,512,512,7,3,2,0,0,0,1,13,False,False,False,,,,,,,,,
2026-10-03T14:13:35+00:00,16000022,TICK,501,501,6,3,0,0,0,0,3,8,False,False,False,,,,,,,,,
2026-10-03T14:13:35+00:00,16000024,ROSA,501,506,6,3,0,0,0,0,0,8,False,False,False,,,,,,,,,
2026-10-03T14:13:35+00:00,16000025,CARL,510,510,7,3,2,0,1,0,2,3,False,False,False,,,,,,,,,
2026-10-03T14:13:35+00:00,16000026,BIBI,501,501,6,3,0,0,0,0,5,6,False,False,False,,,,,,,,,
2026-10-03T14:13:35+00:00,16000027,8-BIT,1011,1011,11,5,2,2,1,1,10,22,True,True,True,,,,,,,,,
2026-10-03T14:13:35+00:00,16000029,BEA,502,502,7,3,2,0,1,0,2,10,False,False,False,,,,,,,,,
2026-10-03T14:13:35+00:00,16000030,EMZ,927,927,9,4,2,2,1,0,10,10,False,False,False,,,,,,,,,
2026-10-03T14:13:35+00:00,16000032,MAX,522,522,7,3,1,0,1,0,2,8,True,False,False,,,,,,,,,
2026-10-03T14:13:35+00:00,16000034,JACKY,502,502,6,3,0,0,0,0,2,10,False,False,False,,,,,,,,,
2026-10-03T14:13:35+00:00,16000035,GALE,502,502,8,3,1,0,0,0,2,11,False,False,False,,,,,,,,,
2026-10-03T14:13:35+00:00,16000036,NANI,509,509,6,3,0,0,0,0,12,13,False,False,False,,,,,,,,,
2026-10-03T14:13:35+00:00,16000037,SPROUT,128,128,6,1,0,0,1,0,8,8,False,False,False,,,,,,,,,
2026-10-03T14:13:35+00:00,16000039,COLETTE,504,508,7,3,2,0,0,0,0,12,False,False,False,,,,,,,,,
2026-10-03T14:13:35+00:00,16000040,AMBER,753,753,9,4,2,2,0,0,9,22,True,False,False,,,,,,,,,
2026-10-03T14:13:35+00:00,16000041,LOU,503,503,6,3,0,0,0,0,1,10,False,False,False,,,,,,,,,
2026-10-03T14:13:35+00:00,16000043,EDGAR,1011,1011,9,5,2,2,0,1,12,19,True,True,True,,,,,,,,,
2026-10-03T14:13:35+00:00,16000045,STU,500,500,6,3,0,0,1,0,1,6,False,False,False,,,,,,,,,
2026-10-03T14:13:35+00:00,16000046,BELLE,516,516,6,3,0,0,1,0,6,18,False,False,False,,,,,,,,,
2026-10-03T14:13:35+00:00,16000048,GROM,503,503,6,3,0,0,0,0,2,20,False,False,False,,,,,,,,,
2026-10-03T14:13:35+00:00,16000049,BUZZ,510,510,6,3,0,0,0,0,4,12,False,False,False,,,,,,,,,
2026-10-03T14:13:35+00:00,16000050,GRIFF,1002,1002,9,5,2,2,0,1,1,15,True,True,True,,,,,,,,,
2026-10-03T14:13:35+00:00,16000051,ASH,507,507,8,3,1,0,0,0,1,7,False,False,False,,,,,,,,,
2026-10-03T14:13:35+00:00,16000053,LOLA,500,500,6,3,0,0,0,0,2,8,False,False,False,,,,,,,,,
2026-10-03T14:13:35+00:00,16000056,EVE,514,514,6,3,0,0,0,0,21,21,False,False,False,,,,,,,,,
2026-10-03T14:13:35+00:00,16000058,BONNIE,507,507,6,3,0,0,1,0,14,14,False,False,False,,,,,,,,,
2026-10-03T14:13:35+00:00,16000060,SAM,503,503,6,3,0,0,0,0,12,12,False,False,False,,,,,,,,,
2026-10-03T14:13:35+00:00,16000061,GUS,1022,1022,11,5,2,2,1,1,7,12,True,True,True,,,,,,,,,
2026-10-03T14:13:35+00:00,16000065,MANDY,504,504,6,3,0,0,0,0,5,13,False,False,False,,,,,,,,,
2026-10-03T14:13:35+00:00,16000068,MAISIE,508,508,6,3,0,0,0,0,1,10,False,False,False,,,,,,,,,
2026-10-03T14:13:35+00:00,16000069,HANK,502,502,6,3,0,0,0,0,5,16,False,False,False,,,,,,,,,
2026-10-03T14:13:35+00:00,16000070,CORDELIUS,281,281,6,2,0,0,0,0,15,15,False,False,False,,,,,,,,,
2026-10-03T14:13:35+00:00,16000072,PEARL,507,507,6,3,0,0,0,0,5,10,False,False,False,,,,,,,,,
2026-10-03T14:13:35+00:00,16000074,CHARLIE,507,507,6,3,0,0,1,0,9,11,False,False,False,,,,,,,,,
2026-10-03T14:13:35+00:00,16000076,KIT,42,42,9,1,1,1,0,0,3,3,False,False,False,,,,,,,,,
2026-10-03T14:13:35+00:00,16000077,LARRY & LAWRIE,502,502,6,3,0,0,0,0,3,8,False,False,False,,,,,,,,,
2026-10-03T14:13:35+00:00,16000079,ANGELO,502,502,6,3,0,0,1,0,2,17,False,False,False,,,,,,,,,
2026-10-03T14:13:35+00:00,16000082,BERRY,510,510,6,3,0,0,0,0,8,8,False,False,False,,,,,,,,,
2026-10-03T14:13:35+00:00,16000086,SHADE,1013,1013,9,5,1,2,1,1,5,13,True,True,True,,,,,,,,,
2026-10-03T14:13:35+00:00,16000089,MEEPLE,504,504,7,3,1,0,0,0,2,10,False,False,False,,,,,,,,,
2026-10-03T14:13:35+00:00,16000090,OLLIE,503,503,6,3,0,0,0,0,5,12,False,False,False,,,,,,,,,
2026-10-03T14:13:35+00:00,16000091,LUMI,1012,1012,9,5,2,2,0,1,10,15,False,False,False,,,,,,,,,
2026-10-03T14:13:35+00:00,16000092,FINX,1090,1093,9,5,2,2,1,1,0,34,False,False,False,,,,,,,,,
2026-10-03T14:13:35+00:00,16000093,JAE-YONG,517,517,8,3,1,0,0,0,6,18,False,False,False,,,,,,,,,
2026-10-03T14:13:35+00:00,16000094,KAZE,554,554,11,3,2,2,1,0,29,29,False,False,False,,,,,,,,,
2026-10-03T14:13:35+00:00,16000095,ALLI,516,516,9,3,1,1,0,0,8,10,False,False,False,,,,,,,,,
2026-10-03T14:13:35+00:00,16000096,TRUNK,505,505,6,3,0,0,0,0,2,10,False,False,False,,,,,,,,,
2026-10-03T14:13:35+00:00,16000099,PIERCE,71,71,7,1,1,0,0,0,2,3,False,False,False,,,,,,,,,
2026-10-03T14:13:35+00:00,16000100,GIGI,508,508,6,3,0,0,0,0,6,9,False,False,False,,,,,,,,,
2026-10-03T14:13:35+00:00,16000102,SIRIUS,1000,1000,11,5,1,2,0,1,4,13,False,False,False,,,,,,,,,
2026-10-03T14:13:35+00:00,16000104,DAMIAN,506,506,7,3,2,0,0,0,4,11,False,False,False,,,,,,,,,
2026-10-03T14:13:35+00:00,16000105,STARR NOVA,1016,1016,11,5,2,2,1,1,6,11,False,False,False,,,,,,,,,
2026-10-03T14:13:35+00:00,16000106,BOLT,503,503,6,3,0,0,1,0,5,10,False,False,False,,,,,,,,,
2026-10-03T14:13:35+00:00,16000107,NORI,1003,1003,11,5,2,2,1,1,5,12,False,False,False,,,,,,,,,
2026-10-03T14:13:35+00:00,16000108,WENDY,1005,1005,11,5,2,2,1,1,19,19,False,False,False,,,,,,,,,
2026-10-04T19:45:08+00:00,16000000,SHELLY,521,521,7,3,1,0,0,0,1,6,True,False,False,FAST FORWARD,,
2026-10-04T19:45:08+00:00,16000001,COLT,602,602,7,3,1,0,1,0,2,11,False,False,True,SPEEDLOADER,,DUAL WIELDING
2026-10-04T19:45:08+00:00,16000002,BULL,510,510,7,3,1,0,0,0,1,6,False,True,False,STOMPER,,
2026-10-04T19:45:08+00:00,16000003,BROCK,545,545,7,3,1,0,0,0,4,5,False,False,False,ROCKET LACES,,
2026-10-04T19:45:08+00:00,16000004,RICO,505,511,7,3,0,0,1,0,0,8,False,False,False,,,TRICK SHOT KING
2026-10-04T19:45:08+00:00,16000005,SPIKE,506,506,6,3,0,0,0,0,5,7,False,False,False,,,
2026-10-04T19:45:08+00:00,16000006,BARLEY,503,503,6,3,0,0,1,0,1,8,False,False,False,,,BOTTLED-UP RAGE
2026-10-04T19:45:08+00:00,16000007,JESSIE,505,515,6,3,0,0,0,0,0,3,False,False,False,,,
2026-10-04T19:45:08+00:00,16000008,NITA,1000,1025,11,5,2,2,1,1,0,10,True,False,True,FAUX FUR;BEAR PAWS,BEAR WITH ME;HYPER BEAR,HYPERBEARING
2026-10-04T19:45:08+00:00,16000009,DYNAMIKE,506,511,6,3,0,0,1,0,0,6,False,False,False,,,BOOMER
2026-10-04T19:45:08+00:00,16000010,EL PRIMO,500,508,7,3,2,0,1,0,0,6,False,False,False,SUPLEX SUPPLEMENT;ASTEROID BELT,,GRAVITY LEAP
2026-10-04T19:45:08+00:00,16000011,MORTIS,754,754,9,4,2,2,0,0,1,7,False,True,False,COMBO SPINNER;CREATURE OF THE NIGHT,CREEPY HARVEST;COILED SNAKE,
2026-10-04T19:45:08+00:00,16000012,CROW,757,757,9,4,2,2,0,0,16,16,True,False,False,SLOWING TOXIN;INSTAPOISON,EXTRA TOXIC;CARRION CROW,
2026-10-04T19:45:08+00:00,16000013,POCO,504,504,7,3,2,0,0,0,4,4,False,False,False,TUNING FORK;PROTECTIVE TUNES,,
2026-10-04T19:45:08+00:00,16000014,BO,511,511,9,3,2,1,1,0,4,11,False,False,True,SUPER TOTEM;TRIPWIRE,SNARE A BEAR,CATCH A BEAR
2026-10-04T19:45:08+00:00,16000015,PIPER,512,512,6,3,0,0,0,0,12,12,False,False,False,,,
2026-10-04T19:45:08+00:00,16000016,PAM,506,506,6,3,0,0,0,0,2,10,False,False,False,,,
2026-10-04T19:45:08+00:00,16000017,TARA,506,506,7,3,2,0,1,0,3,9,False,False,False,PSYCHIC ENHANCER;SUPPORT FROM BEYOND,,SUPERMASSIVE
2026-10-04T19:45:08+00:00,16000018,DARRYL,770,784,9,4,2,2,1,0,0,12,False,False,False,RECOILING ROTATOR;TAR BARREL,STEEL HOOPS;ROLLING RELOAD,BARREL O' BULLETS
2026-10-04T19:45:08+00:00,16000019,PENNY,514,514,6,3,0,0,0,0,5,5,False,False,False,,,
2026-10-04T19:45:08+00:00,16000020,FRANK,512,512,7,3,2,0,0,0,1,13,False,False,False,ACTIVE NOISE CANCELING;IRRESISTIBLE ATTRACTION,,
2026-10-04T19:45:08+00:00,16000022,TICK,501,501,6,3,0,0,0,0,3,8,False,False,False,,,
2026-10-04T19:45:08+00:00,16000024,ROSA,552,552,6,3,0,0,0,0,5,8,False,False,False,,,
2026-10-04T19:45:08+00:00,16000025,CARL,510,510,7,3,2,0,1,0,2,3,False,False,False,HEAT EJECTOR;FLYING HOOK,,FLAMESPIN
2026-10-04T19:45:08+00:00,16000026,BIBI,501,501,6,3,0,0,0,0,5,6,False,False,False,,,
2026-10-04T19:45:08+00:00,16000027,8-BIT,1011,1011,11,5,2,2,1,1,10,22,True,True,True,CHEAT CARTRIDGE;EXTRA CREDITS,BOOSTED BOOSTER;PLUGGED IN,AIMBOT
2026-10-04T19:45:08+00:00,16000029,BEA,502,502,7,3,2,0,1,0,2,10,False,False,False,HONEY MOLASSES;RATTLED HIVE,,PROTECT THE QUEEN
2026-10-04T19:45:08+00:00,16000030,EMZ,927,927,9,4,2,2,1,0,10,10,False,False,False,FRIENDZONER;ACID SPRAY,BAD KARMA;HYPE,OVERHYPED HAZE
2026-10-04T19:45:08+00:00,16000032,MAX,522,522,7,3,1,0,1,0,2,8,True,False,False,SNEAKY SNEAKERS,,UNLIMITED ENERGY
2026-10-04T19:45:08+00:00,16000034,JACKY,502,502,6,3,0,0,0,0,2,10,False,False,False,,,
2026-10-04T19:45:08+00:00,16000035,GALE,502,502,8,3,1,0,0,0,2,11,False,False,False,TWISTER,,
2026-10-04T19:45:08+00:00,16000036,NANI,509,509,6,3,0,0,0,0,12,13,False,False,False,,,
2026-10-04T19:45:08+00:00,16000037,SPROUT,128,128,6,1,0,0,1,0,8,8,False,False,False,,,THORNS
2026-10-04T19:45:08+00:00,16000039,COLETTE,512,514,7,3,2,0,0,0,0,12,False,False,False,NA-AH!;GOTCHA!,,
2026-10-04T19:45:08+00:00,16000040,AMBER,753,753,9,4,2,2,0,0,9,22,True,False,False,FIRE STARTERS;DANCING FLAMES,WILD FLAMES;SCORCHIN' SIPHON,
2026-10-04T19:45:08+00:00,16000041,LOU,503,503,6,3,0,0,0,0,1,10,False,False,False,,,
2026-10-04T19:45:08+00:00,16000043,EDGAR,1011,1011,9,5,2,2,0,1,12,19,True,True,True,LET'S FLY;HARDCORE,HARD LANDING;FISTICUFFS,
2026-10-04T19:45:08+00:00,16000045,STU,500,500,6,3,0,0,1,0,1,6,False,False,False,,,INFINITRO
2026-10-04T19:45:08+00:00,16000046,BELLE,516,516,6,3,0,0,1,0,6,18,False,False,False,,,MAGNETIC
2026-10-04T19:45:08+00:00,16000048,GROM,503,503,6,3,0,0,0,0,2,20,False,False,False,,,
2026-10-04T19:45:08+00:00,16000049,BUZZ,510,510,6,3,0,0,0,0,4,12,False,False,False,,,
2026-10-04T19:45:08+00:00,16000050,GRIFF,1002,1002,9,5,2,2,0,1,1,15,True,True,True,PIGGY BANK;COIN SHOWER,KEEP THE CHANGE;BUSINESS RESILIENCE,
2026-10-04T19:45:08+00:00,16000051,ASH,507,507,9,3,1,1,0,0,1,7,False,False,False,ROTTEN BANANA,MAD AS HECK,
2026-10-04T19:45:08+00:00,16000053,LOLA,500,500,6,3,0,0,0,0,2,8,False,False,False,,,
2026-10-04T19:45:08+00:00,16000056,EVE,514,514,6,3,0,0,0,0,21,21,False,False,False,,,
2026-10-04T19:45:08+00:00,16000058,BONNIE,507,507,6,3,0,0,1,0,14,14,False,False,False,,,DAREDEVIL
2026-10-04T19:45:08+00:00,16000060,SAM,503,503,6,3,0,0,0,0,12,12,False,False,False,,,
2026-10-04T19:45:08+00:00,16000061,GUS,1022,1022,11,5,2,2,1,1,7,12,True,True,True,KOOKY POPPER;KNOCKBACK SPIRIT,SPIRIT ANIMAL;HEALTH BONANZA,SPOOKY POP
2026-10-04T19:45:08+00:00,16000065,MANDY,504,504,6,3,0,0,0,0,5,13,False,False,False,,,
2026-10-04T19:45:08+00:00,16000068,MAISIE,508,508,6,3,0,0,0,0,1,10,False,False,False,,,
2026-10-04T19:45:08+00:00,16000069,HANK,502,502,6,3,0,0,0,0,5,16,False,False,False,,,
2026-10-04T19:45:08+00:00,16000070,CORDELIUS,507,507,6,3,0,0,0,0,2,15,False,False,False,,,
2026-10-04T19:45:08+00:00,16000072,PEARL,507,507,6,3,0,0,0,0,5,10,False,False,False,,,
2026-10-04T19:45:08+00:00,16000074,CHARLIE,507,507,6,3,0,0,1,0,9,11,False,False,False,,,PESTILENCE
2026-10-04T19:45:08+00:00,16000076,KIT,758,758,9,4,1,1,0,0,1,10,False,False,False,CARDBOARD BOX,POWER HUNGRY,
2026-10-04T19:45:08+00:00,16000077,LARRY & LAWRIE,502,502,6,3,0,0,0,0,3,8,False,False,False,,,
2026-10-04T19:45:08+00:00,16000079,ANGELO,502,502,6,3,0,0,1,0,2,17,False,False,False,,,IN MY ELEMENT
2026-10-04T19:45:08+00:00,16000082,BERRY,510,510,6,3,0,0,0,0,8,8,False,False,False,,,
2026-10-04T19:45:08+00:00,16000086,SHADE,1013,1013,10,5,1,2,1,1,5,13,True,True,True,JUMP SCARE,SPOOKY SPEEDSTER;HARDENED HOODIE,THE FRIGHTENER
2026-10-04T19:45:08+00:00,16000089,MEEPLE,504,504,7,3,1,0,0,0,2,10,False,False,False,RAGEQUIT,,
2026-10-04T19:45:08+00:00,16000090,OLLIE,503,503,6,3,0,0,0,0,5,12,False,False,False,,,
2026-10-04T19:45:08+00:00,16000091,LUMI,1012,1012,9,5,2,2,0,1,10,15,False,False,False,HIT THE LIGHTS;GRIM AND FROSTBITTEN,42% BURNT;HALF-TIME,
2026-10-04T19:45:08+00:00,16000092,FINX,1090,1093,9,5,2,2,1,1,0,34,False,False,False,BACK TO THE FINXTURE;NO ESCAPE,HIEROGLYPH HALT;PRIMER,TEMPORAL TRAVELING
2026-10-04T19:45:08+00:00,16000093,JAE-YONG,517,517,8,3,1,0,0,0,6,18,False,False,False,WEEKEND WARRIOR,,
2026-10-04T19:45:08+00:00,16000094,KAZE,554,554,11,3,2,2,1,0,29,29,False,False,False,GRACIOUS HOST;HENSOJUTSU,ADVANCED TECHNIQUES;GRATUITY INCLUDED,ANCIENT ENERGY
2026-10-04T19:45:08+00:00,16000095,ALLI,759,759,9,4,1,1,0,0,3,10,False,False,False,COLD-BLOODED,"YOU BETTER RUN, YOU BETTER TAKE COVER",
2026-10-04T19:45:08+00:00,16000096,TRUNK,505,505,6,3,0,0,0,0,2,10,False,False,False,,,
2026-10-04T19:45:08+00:00,16000099,PIERCE,258,258,7,2,1,0,0,0,2,8,False,False,False,YOU ONLY BRAWL TWICE,,
2026-10-04T19:45:08+00:00,16000100,GIGI,508,508,6,3,0,0,0,0,6,9,False,False,False,,,
2026-10-04T19:45:08+00:00,16000102,SIRIUS,1000,1000,11,5,1,2,0,1,4,13,False,False,False,A STARR IS BORN,DUSK RUNNERS;THE DARKEST STARR,
2026-10-04T19:45:08+00:00,16000104,DAMIAN,506,506,7,3,2,0,0,0,4,11,False,False,False,SPIRITUAL HEALING;WALL OF SOUND,,
2026-10-04T19:45:08+00:00,16000105,STARR NOVA,1016,1016,11,5,2,2,1,1,6,11,False,False,False,FLOATY TIME;SHINING STARR OF FRIENDSHIP AND JUSTICE,POWER LEVEL: MAXIMUM;MYSTICAL STARR TECHNIQUE,STARR NOVA: THE HYPERCHARGE
2026-10-04T19:45:08+00:00,16000106,BOLT,503,503,6,3,0,0,1,0,5,10,False,False,False,,,BOWLING BOLT
2026-10-04T19:45:08+00:00,16000107,NORI,1003,1003,11,5,2,2,1,1,5,12,False,False,False,SUSHI SNACK;GONNA NEED A BIGGER NET,BIG HAUL;HIS MOTHER'S SON,MASTER FISHERMAN
2026-10-04T19:45:08+00:00,16000108,WENDY,1005,1005,11,5,2,2,1,1,19,19,False,False,False,WIND-POWERED;GREEN GRENADE,SLOWING SHIELD;SOLAR SHIELD,GREEN ENERGY
2026-10-05T07:46:36+00:00,16000000,SHELLY,521,521,7,3,1,0,0,0,1,6,True,False,False,FAST FORWARD,,
2026-10-05T07:46:36+00:00,16000001,COLT,602,602,7,3,1,0,1,0,2,11,False,False,True,SPEEDLOADER,,DUAL WIELDING
2026-10-05T07:46:36+00:00,16000002,BULL,510,510,7,3,1,0,0,0,1,6,False,True,False,STOMPER,,
2026-10-05T07:46:36+00:00,16000003,BROCK,545,545,7,3,1,0,0,0,4,5,False,False,False,ROCKET LACES,,
2026-10-05T07:46:36+00:00,16000004,RICO,505,511,7,3,0,0,1,0,0,8,False,False,False,,,TRICK SHOT KING
2026-10-05T07:46:36+00:00,16000005,SPIKE,506,506,6,3,0,0,0,0,5,7,False,False,False,,,
2026-10-05T07:46:36+00:00,16000006,BARLEY,503,503,6,3,0,0,1,0,1,8,False,False,False,,,BOTTLED-UP RAGE
2026-10-05T07:46:36+00:00,16000007,JESSIE,505,515,6,3,0,0,0,0,0,3,False,False,False,,,
2026-10-05T07:46:36+00:00,16000008,NITA,1000,1025,11,5,2,2,1,1,0,10,True,False,True,FAUX FUR;BEAR PAWS,BEAR WITH ME;HYPER BEAR,HYPERBEARING
2026-10-05T07:46:36+00:00,16000009,DYNAMIKE,506,511,6,3,0,0,1,0,0,6,False,False,False,,,BOOMER
2026-10-05T07:46:36+00:00,16000010,EL PRIMO,500,508,7,3,2,0,1,0,0,6,False,False,False,SUPLEX SUPPLEMENT;ASTEROID BELT,,GRAVITY LEAP
2026-10-05T07:46:36+00:00,16000011,MORTIS,754,754,9,4,2,2,0,0,1,7,False,True,False,COMBO SPINNER;CREATURE OF THE NIGHT,CREEPY HARVEST;COILED SNAKE,
2026-10-05T07:46:36+00:00,16000012,CROW,757,757,9,4,2,2,0,0,16,16,True,False,False,SLOWING TOXIN;INSTAPOISON,EXTRA TOXIC;CARRION CROW,
2026-10-05T07:46:36+00:00,16000013,POCO,504,504,7,3,2,0,0,0,4,4,False,False,False,TUNING FORK;PROTECTIVE TUNES,,
2026-10-05T07:46:36+00:00,16000014,BO,511,511,9,3,2,1,1,0,4,11,False,False,True,SUPER TOTEM;TRIPWIRE,SNARE A BEAR,CATCH A BEAR
2026-10-05T07:46:36+00:00,16000015,PIPER,512,512,6,3,0,0,0,0,12,12,False,False,False,,,
2026-10-05T07:46:36+00:00,16000016,PAM,506,506,6,3,0,0,0,0,2,10,False,False,False,,,
2026-10-05T07:46:36+00:00,16000017,TARA,506,506,7,3,2,0,1,0,3,9,False,False,False,PSYCHIC ENHANCER;SUPPORT FROM BEYOND,,SUPERMASSIVE
2026-10-05T07:46:36+00:00,16000018,DARRYL,770,784,9,4,2,2,1,0,0,12,False,False,False,RECOILING ROTATOR;TAR BARREL,STEEL HOOPS;ROLLING RELOAD,BARREL O' BULLETS
2026-10-05T07:46:36+00:00,16000019,PENNY,514,514,6,3,0,0,0,0,5,5,False,False,False,,,
2026-10-05T07:46:36+00:00,16000020,FRANK,512,512,7,3,2,0,0,0,1,13,False,False,False,ACTIVE NOISE CANCELING;IRRESISTIBLE ATTRACTION,,
2026-10-05T07:46:36+00:00,16000022,TICK,501,501,6,3,0,0,0,0,3,8,False,False,False,,,
2026-10-05T07:46:36+00:00,16000024,ROSA,552,552,6,3,0,0,0,0,5,8,False,False,False,,,
2026-10-05T07:46:36+00:00,16000025,CARL,510,510,7,3,2,0,1,0,2,3,False,False,False,HEAT EJECTOR;FLYING HOOK,,FLAMESPIN
2026-10-05T07:46:36+00:00,16000026,BIBI,501,501,6,3,0,0,0,0,5,6,False,False,False,,,
2026-10-05T07:46:36+00:00,16000027,8-BIT,1011,1011,11,5,2,2,1,1,10,22,True,True,True,CHEAT CARTRIDGE;EXTRA CREDITS,BOOSTED BOOSTER;PLUGGED IN,AIMBOT
2026-10-05T07:46:36+00:00,16000029,BEA,502,502,7,3,2,0,1,0,2,10,False,False,False,HONEY MOLASSES;RATTLED HIVE,,PROTECT THE QUEEN
2026-10-05T07:46:36+00:00,16000030,EMZ,927,927,9,4,2,2,1,0,10,10,False,False,False,FRIENDZONER;ACID SPRAY,BAD KARMA;HYPE,OVERHYPED HAZE
2026-10-05T07:46:36+00:00,16000032,MAX,522,522,7,3,1,0,1,0,2,8,True,False,False,SNEAKY SNEAKERS,,UNLIMITED ENERGY
2026-10-05T07:46:36+00:00,16000034,JACKY,502,502,6,3,0,0,0,0,2,10,False,False,False,,,
2026-10-05T07:46:36+00:00,16000035,GALE,502,502,8,3,1,0,0,0,2,11,False,False,False,TWISTER,,
2026-10-05T07:46:36+00:00,16000036,NANI,509,509,6,3,0,0,0,0,12,13,False,False,False,,,
2026-10-05T07:46:36+00:00,16000037,SPROUT,128,128,6,1,0,0,1,0,8,8,False,False,False,,,THORNS
2026-10-05T07:46:36+00:00,16000039,COLETTE,512,514,7,3,2,0,0,0,0,12,False,False,False,NA-AH!;GOTCHA!,,
2026-10-05T07:46:36+00:00,16000040,AMBER,753,753,9,4,2,2,0,0,9,22,True,False,False,FIRE STARTERS;DANCING FLAMES,WILD FLAMES;SCORCHIN' SIPHON,
2026-10-05T07:46:36+00:00,16000041,LOU,503,503,6,3,0,0,0,0,1,10,False,False,False,,,
2026-10-05T07:46:36+00:00,16000043,EDGAR,1011,1011,9,5,2,2,0,1,12,19,True,True,True,LET'S FLY;HARDCORE,HARD LANDING;FISTICUFFS,
2026-10-05T07:46:36+00:00,16000045,STU,500,500,6,3,0,0,1,0,1,6,False,False,False,,,INFINITRO
2026-10-05T07:46:36+00:00,16000046,BELLE,516,516,6,3,0,0,1,0,6,18,False,False,False,,,MAGNETIC
2026-10-05T07:46:36+00:00,16000048,GROM,503,503,6,3,0,0,0,0,2,20,False,False,False,,,
2026-10-05T07:46:36+00:00,16000049,BUZZ,510,510,6,3,0,0,0,0,4,12,False,False,False,,,
2026-10-05T07:46:36+00:00,16000050,GRIFF,1002,1002,9,5,2,2,0,1,1,15,True,True,True,PIGGY BANK;COIN SHOWER,KEEP THE CHANGE;BUSINESS RESILIENCE,
2026-10-05T07:46:36+00:00,16000051,ASH,507,507,9,3,1,1,0,0,1,7,False,False,False,ROTTEN BANANA,MAD AS HECK,
2026-10-05T07:46:36+00:00,16000053,LOLA,500,500,6,3,0,0,0,0,2,8,False,False,False,,,
2026-10-05T07:46:36+00:00,16000056,EVE,514,514,6,3,0,0,0,0,21,21,False,False,False,,,
2026-10-05T07:46:36+00:00,16000058,BONNIE,507,507,6,3,0,0,1,0,14,14,False,False,False,,,DAREDEVIL
2026-10-05T07:46:36+00:00,16000060,SAM,503,503,6,3,0,0,0,0,12,12,False,False,False,,,
2026-10-05T07:46:36+00:00,16000061,GUS,1022,1022,11,5,2,2,1,1,7,12,True,True,True,KOOKY POPPER;KNOCKBACK SPIRIT,SPIRIT ANIMAL;HEALTH BONANZA,SPOOKY POP
2026-10-05T07:46:36+00:00,16000065,MANDY,504,504,6,3,0,0,0,0,5,13,False,False,False,,,
2026-10-05T07:46:36+00:00,16000068,MAISIE,508,508,6,3,0,0,0,0,1,10,False,False,False,,,
2026-10-05T07:46:36+00:00,16000069,HANK,502,502,6,3,0,0,0,0,5,16,False,False,False,,,
2026-10-05T07:46:36+00:00,16000070,CORDELIUS,507,507,6,3,0,0,0,0,2,15,False,False,False,,,
2026-10-05T07:46:36+00:00,16000072,PEARL,507,507,6,3,0,0,0,0,5,10,False,False,False,,,
2026-10-05T07:46:36+00:00,16000074,CHARLIE,507,507,6,3,0,0,1,0,9,11,False,False,False,,,PESTILENCE
2026-10-05T07:46:36+00:00,16000076,KIT,758,758,9,4,1,1,0,0,1,10,False,False,False,CARDBOARD BOX,POWER HUNGRY,
2026-10-05T07:46:36+00:00,16000077,LARRY & LAWRIE,502,502,6,3,0,0,0,0,3,8,False,False,False,,,
2026-10-05T07:46:36+00:00,16000079,ANGELO,502,502,6,3,0,0,1,0,2,17,False,False,False,,,IN MY ELEMENT
2026-10-05T07:46:36+00:00,16000082,BERRY,510,510,6,3,0,0,0,0,8,8,False,False,False,,,
2026-10-05T07:46:36+00:00,16000086,SHADE,1013,1013,10,5,1,2,1,1,5,13,True,True,True,JUMP SCARE,SPOOKY SPEEDSTER;HARDENED HOODIE,THE FRIGHTENER
2026-10-05T07:46:36+00:00,16000089,MEEPLE,504,504,7,3,1,0,0,0,2,10,False,False,False,RAGEQUIT,,
2026-10-05T07:46:36+00:00,16000090,OLLIE,503,503,6,3,0,0,0,0,5,12,False,False,False,,,
2026-10-05T07:46:36+00:00,16000091,LUMI,1012,1012,9,5,2,2,0,1,10,15,False,False,False,HIT THE LIGHTS;GRIM AND FROSTBITTEN,42% BURNT;HALF-TIME,
2026-10-05T07:46:36+00:00,16000092,FINX,1090,1093,9,5,2,2,1,1,0,34,False,False,False,BACK TO THE FINXTURE;NO ESCAPE,HIEROGLYPH HALT;PRIMER,TEMPORAL TRAVELING
2026-10-05T07:46:36+00:00,16000093,JAE-YONG,517,517,8,3,1,0,0,0,6,18,False,False,False,WEEKEND WARRIOR,,
2026-10-05T07:46:36+00:00,16000094,KAZE,554,554,11,3,2,2,1,0,29,29,False,False,False,GRACIOUS HOST;HENSOJUTSU,ADVANCED TECHNIQUES;GRATUITY INCLUDED,ANCIENT ENERGY
2026-10-05T07:46:36+00:00,16000095,ALLI,759,759,9,4,1,1,0,0,3,10,False,False,False,COLD-BLOODED,"YOU BETTER RUN, YOU BETTER TAKE COVER",
2026-10-05T07:46:36+00:00,16000096,TRUNK,505,505,6,3,0,0,0,0,2,10,False,False,False,,,
2026-10-05T07:46:36+00:00,16000099,PIERCE,303,303,7,2,1,0,0,0,3,8,False,False,False,YOU ONLY BRAWL TWICE,,
2026-10-05T07:46:36+00:00,16000100,GIGI,508,508,6,3,0,0,0,0,6,9,False,False,False,,,
2026-10-05T07:46:36+00:00,16000102,SIRIUS,1000,1000,11,5,1,2,0,1,4,13,False,False,False,A STARR IS BORN,DUSK RUNNERS;THE DARKEST STARR,
2026-10-05T07:46:36+00:00,16000104,DAMIAN,506,506,7,3,2,0,0,0,4,11,False,False,False,SPIRITUAL HEALING;WALL OF SOUND,,
2026-10-05T07:46:36+00:00,16000105,STARR NOVA,1016,1016,11,5,2,2,1,1,6,11,False,False,False,FLOATY TIME;SHINING STARR OF FRIENDSHIP AND JUSTICE,POWER LEVEL: MAXIMUM;MYSTICAL STARR TECHNIQUE,STARR NOVA: THE HYPERCHARGE
2026-10-05T07:46:36+00:00,16000106,BOLT,503,503,6,3,0,0,1,0,5,10,False,False,False,,,BOWLING BOLT
2026-10-05T07:46:36+00:00,16000107,NORI,1003,1003,11,5,2,2,1,1,5,12,False,False,False,SUSHI SNACK;GONNA NEED A BIGGER NET,BIG HAUL;HIS MOTHER'S SON,MASTER FISHERMAN
2026-10-05T07:46:36+00:00,16000108,WENDY,1005,1005,11,5,2,2,1,1,19,19,False,False,False,WIND-POWERED;GREEN GRENADE,SLOWING SHIELD;SOLAR SHIELD,GREEN ENERGY
2026-10-05T07:57:31+00:00,16000000,SHELLY,521,521,7,3,1,0,0,0,1,6,True,False,False,FAST FORWARD,,
2026-10-05T07:57:31+00:00,16000001,COLT,602,602,7,3,1,0,1,0,2,11,False,False,True,SPEEDLOADER,,DUAL WIELDING
2026-10-05T07:57:31+00:00,16000002,BULL,510,510,7,3,1,0,0,0,1,6,False,True,False,STOMPER,,
2026-10-05T07:57:31+00:00,16000003,BROCK,545,545,7,3,1,0,0,0,4,5,False,False,False,ROCKET LACES,,
2026-10-05T07:57:31+00:00,16000004,RICO,505,511,7,3,0,0,1,0,0,8,False,False,False,,,TRICK SHOT KING
2026-10-05T07:57:31+00:00,16000005,SPIKE,506,506,6,3,0,0,0,0,5,7,False,False,False,,,
2026-10-05T07:57:31+00:00,16000006,BARLEY,503,503,6,3,0,0,1,0,1,8,False,False,False,,,BOTTLED-UP RAGE
2026-10-05T07:57:31+00:00,16000007,JESSIE,505,515,6,3,0,0,0,0,0,3,False,False,False,,,
2026-10-05T07:57:31+00:00,16000008,NITA,1000,1025,11,5,2,2,1,1,0,10,True,False,True,FAUX FUR;BEAR PAWS,BEAR WITH ME;HYPER BEAR,HYPERBEARING
2026-10-05T07:57:31+00:00,16000009,DYNAMIKE,506,511,6,3,0,0,1,0,0,6,False,False,False,,,BOOMER
2026-10-05T07:57:31+00:00,16000010,EL PRIMO,500,508,7,3,2,0,1,0,0,6,False,False,False,SUPLEX SUPPLEMENT;ASTEROID BELT,,GRAVITY LEAP
2026-10-05T07:57:31+00:00,16000011,MORTIS,754,754,9,4,2,2,0,0,1,7,False,True,False,COMBO SPINNER;CREATURE OF THE NIGHT,CREEPY HARVEST;COILED SNAKE,
2026-10-05T07:57:31+00:00,16000012,CROW,757,757,9,4,2,2,0,0,16,16,True,False,False,SLOWING TOXIN;INSTAPOISON,EXTRA TOXIC;CARRION CROW,
2026-10-05T07:57:31+00:00,16000013,POCO,504,504,7,3,2,0,0,0,4,4,False,False,False,TUNING FORK;PROTECTIVE TUNES,,
2026-10-05T07:57:31+00:00,16000014,BO,511,511,9,3,2,1,1,0,4,11,False,False,True,SUPER TOTEM;TRIPWIRE,SNARE A BEAR,CATCH A BEAR
2026-10-05T07:57:31+00:00,16000015,PIPER,512,512,6,3,0,0,0,0,12,12,False,False,False,,,
2026-10-05T07:57:31+00:00,16000016,PAM,506,506,6,3,0,0,0,0,2,10,False,False,False,,,
2026-10-05T07:57:31+00:00,16000017,TARA,506,506,7,3,2,0,1,0,3,9,False,False,False,PSYCHIC ENHANCER;SUPPORT FROM BEYOND,,SUPERMASSIVE
2026-10-05T07:57:31+00:00,16000018,DARRYL,770,784,9,4,2,2,1,0,0,12,False,False,False,RECOILING ROTATOR;TAR BARREL,STEEL HOOPS;ROLLING RELOAD,BARREL O' BULLETS
2026-10-05T07:57:31+00:00,16000019,PENNY,514,514,6,3,0,0,0,0,5,5,False,False,False,,,
2026-10-05T07:57:31+00:00,16000020,FRANK,512,512,7,3,2,0,0,0,1,13,False,False,False,ACTIVE NOISE CANCELING;IRRESISTIBLE ATTRACTION,,
2026-10-05T07:57:31+00:00,16000022,TICK,501,501,6,3,0,0,0,0,3,8,False,False,False,,,
2026-10-05T07:57:31+00:00,16000024,ROSA,552,552,6,3,0,0,0,0,5,8,False,False,False,,,
2026-10-05T07:57:31+00:00,16000025,CARL,510,510,7,3,2,0,1,0,2,3,False,False,False,HEAT EJECTOR;FLYING HOOK,,FLAMESPIN
2026-10-05T07:57:31+00:00,16000026,BIBI,501,501,6,3,0,0,0,0,5,6,False,False,False,,,
2026-10-05T07:57:31+00:00,16000027,8-BIT,1011,1011,11,5,2,2,1,1,10,22,True,True,True,CHEAT CARTRIDGE;EXTRA CREDITS,BOOSTED BOOSTER;PLUGGED IN,AIMBOT
2026-10-05T07:57:31+00:00,16000029,BEA,502,502,7,3,2,0,1,0,2,10,False,False,False,HONEY MOLASSES;RATTLED HIVE,,PROTECT THE QUEEN
2026-10-05T07:57:31+00:00,16000030,EMZ,927,927,9,4,2,2,1,0,10,10,False,False,False,FRIENDZONER;ACID SPRAY,BAD KARMA;HYPE,OVERHYPED HAZE
2026-10-05T07:57:31+00:00,16000032,MAX,522,522,7,3,1,0,1,0,2,8,True,False,False,SNEAKY SNEAKERS,,UNLIMITED ENERGY
2026-10-05T07:57:31+00:00,16000034,JACKY,502,502,6,3,0,0,0,0,2,10,False,False,False,,,
2026-10-05T07:57:31+00:00,16000035,GALE,502,502,8,3,1,0,0,0,2,11,False,False,False,TWISTER,,
2026-10-05T07:57:31+00:00,16000036,NANI,509,509,6,3,0,0,0,0,12,13,False,False,False,,,
2026-10-05T07:57:31+00:00,16000037,SPROUT,128,128,6,1,0,0,1,0,8,8,False,False,False,,,THORNS
2026-10-05T07:57:31+00:00,16000039,COLETTE,512,514,7,3,2,0,0,0,0,12,False,False,False,NA-AH!;GOTCHA!,,
2026-10-05T07:57:31+00:00,16000040,AMBER,753,753,9,4,2,2,0,0,9,22,True,False,False,FIRE STARTERS;DANCING FLAMES,WILD FLAMES;SCORCHIN' SIPHON,
2026-10-05T07:57:31+00:00,16000041,LOU,503,503,6,3,0,0,0,0,1,10,False,False,False,,,
2026-10-05T07:57:31+00:00,16000043,EDGAR,1011,1011,9,5,2,2,0,1,12,19,True,True,True,LET'S FLY;HARDCORE,HARD LANDING;FISTICUFFS,
2026-10-05T07:57:31+00:00,16000045,STU,500,500,6,3,0,0,1,0,1,6,False,False,False,,,INFINITRO
2026-10-05T07:57:31+00:00,16000046,BELLE,516,516,6,3,0,0,1,0,6,18,False,False,False,,,MAGNETIC
2026-10-05T07:57:31+00:00,16000048,GROM,503,503,6,3,0,0,0,0,2,20,False,False,False,,,
2026-10-05T07:57:31+00:00,16000049,BUZZ,510,510,6,3,0,0,0,0,4,12,False,False,False,,,
2026-10-05T07:57:31+00:00,16000050,GRIFF,1002,1002,9,5,2,2,0,1,1,15,True,True,True,PIGGY BANK;COIN SHOWER,KEEP THE CHANGE;BUSINESS RESILIENCE,
2026-10-05T07:57:31+00:00,16000051,ASH,507,507,9,3,1,1,0,0,1,7,False,False,False,ROTTEN BANANA,MAD AS HECK,
2026-10-05T07:57:31+00:00,16000053,LOLA,500,500,6,3,0,0,0,0,2,8,False,False,False,,,
2026-10-05T07:57:31+00:00,16000056,EVE,514,514,6,3,0,0,0,0,21,21,False,False,False,,,
2026-10-05T07:57:31+00:00,16000058,BONNIE,507,507,6,3,0,0,1,0,14,14,False,False,False,,,DAREDEVIL
2026-10-05T07:57:31+00:00,16000060,SAM,503,503,6,3,0,0,0,0,12,12,False,False,False,,,
2026-10-05T07:57:31+00:00,16000061,GUS,1022,1022,11,5,2,2,1,1,7,12,True,True,True,KOOKY POPPER;KNOCKBACK SPIRIT,SPIRIT ANIMAL;HEALTH BONANZA,SPOOKY POP
2026-10-05T07:57:31+00:00,16000065,MANDY,504,504,6,3,0,0,0,0,5,13,False,False,False,,,
2026-10-05T07:57:31+00:00,16000068,MAISIE,508,508,6,3,0,0,0,0,1,10,False,False,False,,,
2026-10-05T07:57:31+00:00,16000069,HANK,502,502,6,3,0,0,0,0,5,16,False,False,False,,,
2026-10-05T07:57:31+00:00,16000070,CORDELIUS,507,507,6,3,0,0,0,0,2,15,False,False,False,,,
2026-10-05T07:57:31+00:00,16000072,PEARL,507,507,6,3,0,0,0,0,5,10,False,False,False,,,
2026-10-05T07:57:31+00:00,16000074,CHARLIE,507,507,6,3,0,0,1,0,9,11,False,False,False,,,PESTILENCE
2026-10-05T07:57:31+00:00,16000076,KIT,758,758,9,4,1,1,0,0,1,10,False,False,False,CARDBOARD BOX,POWER HUNGRY,
2026-10-05T07:57:31+00:00,16000077,LARRY & LAWRIE,502,502,6,3,0,0,0,0,3,8,False,False,False,,,
2026-10-05T07:57:31+00:00,16000079,ANGELO,502,502,6,3,0,0,1,0,2,17,False,False,False,,,IN MY ELEMENT
2026-10-05T07:57:31+00:00,16000082,BERRY,510,510,6,3,0,0,0,0,8,8,False,False,False,,,
2026-10-05T07:57:31+00:00,16000086,SHADE,1013,1013,10,5,1,2,1,1,5,13,True,True,True,JUMP SCARE,SPOOKY SPEEDSTER;HARDENED HOODIE,THE FRIGHTENER
2026-10-05T07:57:31+00:00,16000089,MEEPLE,504,504,7,3,1,0,0,0,2,10,False,False,False,RAGEQUIT,,
2026-10-05T07:57:31+00:00,16000090,OLLIE,503,503,6,3,0,0,0,0,5,12,False,False,False,,,
2026-10-05T07:57:31+00:00,16000091,LUMI,1012,1012,9,5,2,2,0,1,10,15,False,False,False,HIT THE LIGHTS;GRIM AND FROSTBITTEN,42% BURNT;HALF-TIME,
2026-10-05T07:57:31+00:00,16000092,FINX,1090,1093,9,5,2,2,1,1,0,34,False,False,False,BACK TO THE FINXTURE;NO ESCAPE,HIEROGLYPH HALT;PRIMER,TEMPORAL TRAVELING
2026-10-05T07:57:31+00:00,16000093,JAE-YONG,517,517,8,3,1,0,0,0,6,18,False,False,False,WEEKEND WARRIOR,,
2026-10-05T07:57:31+00:00,16000094,KAZE,554,554,11,3,2,2,1,0,29,29,False,False,False,GRACIOUS HOST;HENSOJUTSU,ADVANCED TECHNIQUES;GRATUITY INCLUDED,ANCIENT ENERGY
2026-10-05T07:57:31+00:00,16000095,ALLI,759,759,9,4,1,1,0,0,3,10,False,False,False,COLD-BLOODED,"YOU BETTER RUN, YOU BETTER TAKE COVER",
2026-10-05T07:57:31+00:00,16000096,TRUNK,505,505,6,3,0,0,0,0,2,10,False,False,False,,,
2026-10-05T07:57:31+00:00,16000099,PIERCE,303,303,7,2,1,0,0,0,3,8,False,False,False,YOU ONLY BRAWL TWICE,,
2026-10-05T07:57:31+00:00,16000100,GIGI,508,508,6,3,0,0,0,0,6,9,False,False,False,,,
2026-10-05T07:57:31+00:00,16000102,SIRIUS,1000,1000,11,5,1,2,0,1,4,13,False,False,False,A STARR IS BORN,DUSK RUNNERS;THE DARKEST STARR,
2026-10-05T07:57:31+00:00,16000104,DAMIAN,506,506,7,3,2,0,0,0,4,11,False,False,False,SPIRITUAL HEALING;WALL OF SOUND,,
2026-10-05T07:57:31+00:00,16000105,STARR NOVA,1016,1016,11,5,2,2,1,1,6,11,False,False,False,FLOATY TIME;SHINING STARR OF FRIENDSHIP AND JUSTICE,POWER LEVEL: MAXIMUM;MYSTICAL STARR TECHNIQUE,STARR NOVA: THE HYPERCHARGE
2026-10-05T07:57:31+00:00,16000106,BOLT,503,503,6,3,0,0,1,0,5,10,False,False,False,,,BOWLING BOLT
2026-10-05T07:57:31+00:00,16000107,NORI,1003,1003,11,5,2,2,1,1,5,12,False,False,False,SUSHI SNACK;GONNA NEED A BIGGER NET,BIG HAUL;HIS MOTHER'S SON,MASTER FISHERMAN
2026-10-05T07:57:31+00:00,16000108,WENDY,1005,1005,11,5,2,2,1,1,19,19,False,False,False,WIND-POWERED;GREEN GRENADE,SLOWING SHIELD;SOLAR SHIELD,GREEN ENERGY
2026-10-05T08:01:07+00:00,16000000,SHELLY,521,521,7,3,1,0,0,0,1,6,True,False,False,FAST FORWARD,,
2026-10-05T08:01:07+00:00,16000001,COLT,602,602,7,3,1,0,1,0,2,11,False,False,True,SPEEDLOADER,,DUAL WIELDING
2026-10-05T08:01:07+00:00,16000002,BULL,510,510,7,3,1,0,0,0,1,6,False,True,False,STOMPER,,
2026-10-05T08:01:07+00:00,16000003,BROCK,545,545,7,3,1,0,0,0,4,5,False,False,False,ROCKET LACES,,
2026-10-05T08:01:07+00:00,16000004,RICO,505,511,7,3,0,0,1,0,0,8,False,False,False,,,TRICK SHOT KING
2026-10-05T08:01:07+00:00,16000005,SPIKE,506,506,6,3,0,0,0,0,5,7,False,False,False,,,
2026-10-05T08:01:07+00:00,16000006,BARLEY,503,503,6,3,0,0,1,0,1,8,False,False,False,,,BOTTLED-UP RAGE
2026-10-05T08:01:07+00:00,16000007,JESSIE,505,515,6,3,0,0,0,0,0,3,False,False,False,,,
2026-10-05T08:01:07+00:00,16000008,NITA,1000,1025,11,5,2,2,1,1,0,10,True,False,True,FAUX FUR;BEAR PAWS,BEAR WITH ME;HYPER BEAR,HYPERBEARING
2026-10-05T08:01:07+00:00,16000009,DYNAMIKE,506,511,6,3,0,0,1,0,0,6,False,False,False,,,BOOMER
2026-10-05T08:01:07+00:00,16000010,EL PRIMO,500,508,7,3,2,0,1,0,0,6,False,False,False,SUPLEX SUPPLEMENT;ASTEROID BELT,,GRAVITY LEAP
2026-10-05T08:01:07+00:00,16000011,MORTIS,754,754,9,4,2,2,0,0,1,7,False,True,False,COMBO SPINNER;CREATURE OF THE NIGHT,CREEPY HARVEST;COILED SNAKE,
2026-10-05T08:01:07+00:00,16000012,CROW,757,757,9,4,2,2,0,0,16,16,True,False,False,SLOWING TOXIN;INSTAPOISON,EXTRA TOXIC;CARRION CROW,
2026-10-05T08:01:07+00:00,16000013,POCO,504,504,7,3,2,0,0,0,4,4,False,False,False,TUNING FORK;PROTECTIVE TUNES,,
2026-10-05T08:01:07+00:00,16000014,BO,511,511,9,3,2,1,1,0,4,11,False,False,True,SUPER TOTEM;TRIPWIRE,SNARE A BEAR,CATCH A BEAR
2026-10-05T08:01:07+00:00,16000015,PIPER,512,512,6,3,0,0,0,0,12,12,False,False,False,,,
2026-10-05T08:01:07+00:00,16000016,PAM,506,506,6,3,0,0,0,0,2,10,False,False,False,,,
2026-10-05T08:01:07+00:00,16000017,TARA,506,506,7,3,2,0,1,0,3,9,False,False,False,PSYCHIC ENHANCER;SUPPORT FROM BEYOND,,SUPERMASSIVE
2026-10-05T08:01:07+00:00,16000018,DARRYL,770,784,9,4,2,2,1,0,0,12,False,False,False,RECOILING ROTATOR;TAR BARREL,STEEL HOOPS;ROLLING RELOAD,BARREL O' BULLETS
2026-10-05T08:01:07+00:00,16000019,PENNY,514,514,6,3,0,0,0,0,5,5,False,False,False,,,
2026-10-05T08:01:07+00:00,16000020,FRANK,512,512,7,3,2,0,0,0,1,13,False,False,False,ACTIVE NOISE CANCELING;IRRESISTIBLE ATTRACTION,,
2026-10-05T08:01:07+00:00,16000022,TICK,501,501,6,3,0,0,0,0,3,8,False,False,False,,,
2026-10-05T08:01:07+00:00,16000024,ROSA,552,552,6,3,0,0,0,0,5,8,False,False,False,,,
2026-10-05T08:01:07+00:00,16000025,CARL,510,510,7,3,2,0,1,0,2,3,False,False,False,HEAT EJECTOR;FLYING HOOK,,FLAMESPIN
2026-10-05T08:01:07+00:00,16000026,BIBI,501,501,6,3,0,0,0,0,5,6,False,False,False,,,
2026-10-05T08:01:07+00:00,16000027,8-BIT,1011,1011,11,5,2,2,1,1,10,22,True,True,True,CHEAT CARTRIDGE;EXTRA CREDITS,BOOSTED BOOSTER;PLUGGED IN,AIMBOT
2026-10-05T08:01:07+00:00,16000029,BEA,502,502,7,3,2,0,1,0,2,10,False,False,False,HONEY MOLASSES;RATTLED HIVE,,PROTECT THE QUEEN
2026-10-05T08:01:07+00:00,16000030,EMZ,927,927,9,4,2,2,1,0,10,10,False,False,False,FRIENDZONER;ACID SPRAY,BAD KARMA;HYPE,OVERHYPED HAZE
2026-10-05T08:01:07+00:00,16000032,MAX,522,522,7,3,1,0,1,0,2,8,True,False,False,SNEAKY SNEAKERS,,UNLIMITED ENERGY
2026-10-05T08:01:07+00:00,16000034,JACKY,502,502,6,3,0,0,0,0,2,10,False,False,False,,,
2026-10-05T08:01:07+00:00,16000035,GALE,502,502,8,3,1,0,0,0,2,11,False,False,False,TWISTER,,
2026-10-05T08:01:07+00:00,16000036,NANI,509,509,6,3,0,0,0,0,12,13,False,False,False,,,
2026-10-05T08:01:07+00:00,16000037,SPROUT,128,128,6,1,0,0,1,0,8,8,False,False,False,,,THORNS
2026-10-05T08:01:07+00:00,16000039,COLETTE,512,514,7,3,2,0,0,0,0,12,False,False,False,NA-AH!;GOTCHA!,,
2026-10-05T08:01:07+00:00,16000040,AMBER,753,753,9,4,2,2,0,0,9,22,True,False,False,FIRE STARTERS;DANCING FLAMES,WILD FLAMES;SCORCHIN' SIPHON,
2026-10-05T08:01:07+00:00,16000041,LOU,503,503,6,3,0,0,0,0,1,10,False,False,False,,,
2026-10-05T08:01:07+00:00,16000043,EDGAR,1011,1011,9,5,2,2,0,1,12,19,True,True,True,LET'S FLY;HARDCORE,HARD LANDING;FISTICUFFS,
2026-10-05T08:01:07+00:00,16000045,STU,500,500,6,3,0,0,1,0,1,6,False,False,False,,,INFINITRO
2026-10-05T08:01:07+00:00,16000046,BELLE,516,516,6,3,0,0,1,0,6,18,False,False,False,,,MAGNETIC
2026-10-05T08:01:07+00:00,16000048,GROM,503,503,6,3,0,0,0,0,2,20,False,False,False,,,
2026-10-05T08:01:07+00:00,16000049,BUZZ,510,510,6,3,0,0,0,0,4,12,False,False,False,,,
2026-10-05T08:01:07+00:00,16000050,GRIFF,1002,1002,9,5,2,2,0,1,1,15,True,True,True,PIGGY BANK;COIN SHOWER,KEEP THE CHANGE;BUSINESS RESILIENCE,
2026-10-05T08:01:07+00:00,16000051,ASH,507,507,9,3,1,1,0,0,1,7,False,False,False,ROTTEN BANANA,MAD AS HECK,
2026-10-05T08:01:07+00:00,16000053,LOLA,500,500,6,3,0,0,0,0,2,8,False,False,False,,,
2026-10-05T08:01:07+00:00,16000056,EVE,514,514,6,3,0,0,0,0,21,21,False,False,False,,,
2026-10-05T08:01:07+00:00,16000058,BONNIE,507,507,6,3,0,0,1,0,14,14,False,False,False,,,DAREDEVIL
2026-10-05T08:01:07+00:00,16000060,SAM,503,503,6,3,0,0,0,0,12,12,False,False,False,,,
2026-10-05T08:01:07+00:00,16000061,GUS,1022,1022,11,5,2,2,1,1,7,12,True,True,True,KOOKY POPPER;KNOCKBACK SPIRIT,SPIRIT ANIMAL;HEALTH BONANZA,SPOOKY POP
2026-10-05T08:01:07+00:00,16000065,MANDY,504,504,6,3,0,0,0,0,5,13,False,False,False,,,
2026-10-05T08:01:07+00:00,16000068,MAISIE,508,508,6,3,0,0,0,0,1,10,False,False,False,,,
2026-10-05T08:01:07+00:00,16000069,HANK,502,502,6,3,0,0,0,0,5,16,False,False,False,,,
2026-10-05T08:01:07+00:00,16000070,CORDELIUS,507,507,6,3,0,0,0,0,2,15,False,False,False,,,
2026-10-05T08:01:07+00:00,16000072,PEARL,507,507,6,3,0,0,0,0,5,10,False,False,False,,,
2026-10-05T08:01:07+00:00,16000074,CHARLIE,507,507,6,3,0,0,1,0,9,11,False,False,False,,,PESTILENCE
2026-10-05T08:01:07+00:00,16000076,KIT,758,758,9,4,1,1,0,0,1,10,False,False,False,CARDBOARD BOX,POWER HUNGRY,
2026-10-05T08:01:07+00:00,16000077,LARRY & LAWRIE,502,502,6,3,0,0,0,0,3,8,False,False,False,,,
2026-10-05T08:01:07+00:00,16000079,ANGELO,502,502,6,3,0,0,1,0,2,17,False,False,False,,,IN MY ELEMENT
2026-10-05T08:01:07+00:00,16000082,BERRY,510,510,6,3,0,0,0,0,8,8,False,False,False,,,
2026-10-05T08:01:07+00:00,16000086,SHADE,1013,1013,10,5,1,2,1,1,5,13,True,True,True,JUMP SCARE,SPOOKY SPEEDSTER;HARDENED HOODIE,THE FRIGHTENER
2026-10-05T08:01:07+00:00,16000089,MEEPLE,504,504,7,3,1,0,0,0,2,10,False,False,False,RAGEQUIT,,
2026-10-05T08:01:07+00:00,16000090,OLLIE,503,503,6,3,0,0,0,0,5,12,False,False,False,,,
2026-10-05T08:01:07+00:00,16000091,LUMI,1012,1012,9,5,2,2,0,1,10,15,False,False,False,HIT THE LIGHTS;GRIM AND FROSTBITTEN,42% BURNT;HALF-TIME,
2026-10-05T08:01:07+00:00,16000092,FINX,1090,1093,9,5,2,2,1,1,0,34,False,False,False,BACK TO THE FINXTURE;NO ESCAPE,HIEROGLYPH HALT;PRIMER,TEMPORAL TRAVELING
2026-10-05T08:01:07+00:00,16000093,JAE-YONG,517,517,8,3,1,0,0,0,6,18,False,False,False,WEEKEND WARRIOR,,
2026-10-05T08:01:07+00:00,16000094,KAZE,554,554,11,3,2,2,1,0,29,29,False,False,False,GRACIOUS HOST;HENSOJUTSU,ADVANCED TECHNIQUES;GRATUITY INCLUDED,ANCIENT ENERGY
2026-10-05T08:01:07+00:00,16000095,ALLI,759,759,9,4,1,1,0,0,3,10,False,False,False,COLD-BLOODED,"YOU BETTER RUN, YOU BETTER TAKE COVER",
2026-10-05T08:01:07+00:00,16000096,TRUNK,505,505,6,3,0,0,0,0,2,10,False,False,False,,,
2026-10-05T08:01:07+00:00,16000099,PIERCE,303,303,7,2,1,0,0,0,3,8,False,False,False,YOU ONLY BRAWL TWICE,,
2026-10-05T08:01:07+00:00,16000100,GIGI,508,508,6,3,0,0,0,0,6,9,False,False,False,,,
2026-10-05T08:01:07+00:00,16000102,SIRIUS,1000,1000,11,5,1,2,0,1,4,13,False,False,False,A STARR IS BORN,DUSK RUNNERS;THE DARKEST STARR,
2026-10-05T08:01:07+00:00,16000104,DAMIAN,506,506,7,3,2,0,0,0,4,11,False,False,False,SPIRITUAL HEALING;WALL OF SOUND,,
2026-10-05T08:01:07+00:00,16000105,STARR NOVA,1016,1016,11,5,2,2,1,1,6,11,False,False,False,FLOATY TIME;SHINING STARR OF FRIENDSHIP AND JUSTICE,POWER LEVEL: MAXIMUM;MYSTICAL STARR TECHNIQUE,STARR NOVA: THE HYPERCHARGE
2026-10-05T08:01:07+00:00,16000106,BOLT,503,503,6,3,0,0,1,0,5,10,False,False,False,,,BOWLING BOLT
2026-10-05T08:01:07+00:00,16000107,NORI,1003,1003,11,5,2,2,1,1,5,12,False,False,False,SUSHI SNACK;GONNA NEED A BIGGER NET,BIG HAUL;HIS MOTHER'S SON,MASTER FISHERMAN
2026-10-05T08:01:07+00:00,16000108,WENDY,1005,1005,11,5,2,2,1,1,19,19,False,False,False,WIND-POWERED;GREEN GRENADE,SLOWING SHIELD;SOLAR SHIELD,GREEN ENERGY
2026-10-05T13:45:38+00:00,16000000,SHELLY,555,555,7,3,1,0,0,0,2,6,True,False,False,FAST FORWARD,,
2026-10-05T13:45:38+00:00,16000001,COLT,602,602,7,3,1,0,1,0,2,11,False,False,True,SPEEDLOADER,,DUAL WIELDING
2026-10-05T13:45:38+00:00,16000002,BULL,510,510,7,3,1,0,0,0,1,6,False,True,False,STOMPER,,
2026-10-05T13:45:38+00:00,16000003,BROCK,545,545,7,3,1,0,0,0,4,5,False,False,False,ROCKET LACES,,
2026-10-05T13:45:38+00:00,16000004,RICO,505,511,7,3,0,0,1,0,0,8,False,False,False,,,TRICK SHOT KING
2026-10-05T13:45:38+00:00,16000005,SPIKE,506,506,6,3,0,0,0,0,5,7,False,False,False,,,
2026-10-05T13:45:38+00:00,16000006,BARLEY,503,503,6,3,0,0,1,0,1,8,False,False,False,,,BOTTLED-UP RAGE
2026-10-05T13:45:38+00:00,16000007,JESSIE,505,515,6,3,0,0,0,0,0,3,False,False,False,,,
2026-10-05T13:45:38+00:00,16000008,NITA,1000,1025,11,5,2,2,1,1,0,10,True,False,True,FAUX FUR;BEAR PAWS,BEAR WITH ME;HYPER BEAR,HYPERBEARING
2026-10-05T13:45:38+00:00,16000009,DYNAMIKE,506,511,6,3,0,0,1,0,0,6,False,False,False,,,BOOMER
2026-10-05T13:45:38+00:00,16000010,EL PRIMO,500,508,7,3,2,0,1,0,0,6,False,False,False,SUPLEX SUPPLEMENT;ASTEROID BELT,,GRAVITY LEAP
2026-10-05T13:45:38+00:00,16000011,MORTIS,754,754,9,4,2,2,0,0,1,7,False,True,False,COMBO SPINNER;CREATURE OF THE NIGHT,CREEPY HARVEST;COILED SNAKE,
2026-10-05T13:45:38+00:00,16000012,CROW,757,757,9,4,2,2,0,0,16,16,True,False,False,SLOWING TOXIN;INSTAPOISON,EXTRA TOXIC;CARRION CROW,
2026-10-05T13:45:38+00:00,16000013,POCO,504,504,7,3,2,0,0,0,4,4,False,False,False,TUNING FORK;PROTECTIVE TUNES,,
2026-10-05T13:45:38+00:00,16000014,BO,511,511,9,3,2,1,1,0,4,11,False,False,True,SUPER TOTEM;TRIPWIRE,SNARE A BEAR,CATCH A BEAR
2026-10-05T13:45:38+00:00,16000015,PIPER,512,512,6,3,0,0,0,0,12,12,False,False,False,,,
2026-10-05T13:45:38+00:00,16000016,PAM,506,506,6,3,0,0,0,0,2,10,False,False,False,,,
2026-10-05T13:45:38+00:00,16000017,TARA,506,506,7,3,2,0,1,0,3,9,False,False,False,PSYCHIC ENHANCER;SUPPORT FROM BEYOND,,SUPERMASSIVE
2026-10-05T13:45:38+00:00,16000018,DARRYL,770,784,9,4,2,2,1,0,0,12,False,False,False,RECOILING ROTATOR;TAR BARREL,STEEL HOOPS;ROLLING RELOAD,BARREL O' BULLETS
2026-10-05T13:45:38+00:00,16000019,PENNY,514,514,6,3,0,0,0,0,5,5,False,False,False,,,
2026-10-05T13:45:38+00:00,16000020,FRANK,512,512,7,3,2,0,1,0,1,13,False,False,False,ACTIVE NOISE CANCELING;IRRESISTIBLE ATTRACTION,,SEISMIC SMASH
2026-10-05T13:45:38+00:00,16000022,TICK,501,501,6,3,0,0,0,0,3,8,False,False,False,,,
2026-10-05T13:45:38+00:00,16000024,ROSA,552,552,6,3,0,0,0,0,5,8,False,False,False,,,
2026-10-05T13:45:38+00:00,16000025,CARL,510,510,7,3,2,0,1,0,2,3,False,False,False,HEAT EJECTOR;FLYING HOOK,,FLAMESPIN
2026-10-05T13:45:38+00:00,16000026,BIBI,501,501,6,3,0,0,0,0,5,6,False,False,False,,,
2026-10-05T13:45:38+00:00,16000027,8-BIT,1011,1011,11,5,2,2,1,1,10,22,True,True,True,CHEAT CARTRIDGE;EXTRA CREDITS,BOOSTED BOOSTER;PLUGGED IN,AIMBOT
2026-10-05T13:45:38+00:00,16000029,BEA,502,502,7,3,2,0,1,0,2,10,False,False,False,HONEY MOLASSES;RATTLED HIVE,,PROTECT THE QUEEN
2026-10-05T13:45:38+00:00,16000030,EMZ,927,927,9,4,2,2,1,0,10,10,False,False,False,FRIENDZONER;ACID SPRAY,BAD KARMA;HYPE,OVERHYPED HAZE
2026-10-05T13:45:38+00:00,16000032,MAX,522,522,7,3,1,0,1,0,2,8,True,False,False,SNEAKY SNEAKERS,,UNLIMITED ENERGY
2026-10-05T13:45:38+00:00,16000034,JACKY,502,502,6,3,0,0,0,0,2,10,False,False,False,,,
2026-10-05T13:45:38+00:00,16000035,GALE,502,502,8,3,1,0,0,0,2,11,False,False,False,TWISTER,,
2026-10-05T13:45:38+00:00,16000036,NANI,509,509,6,3,0,0,0,0,12,13,False,False,False,,,
2026-10-05T13:45:38+00:00,16000037,SPROUT,128,128,6,1,0,0,1,0,8,8,False,False,False,,,THORNS
2026-10-05T13:45:38+00:00,16000039,COLETTE,512,514,7,3,2,0,0,0,0,12,False,False,False,NA-AH!;GOTCHA!,,
2026-10-05T13:45:38+00:00,16000040,AMBER,753,753,9,4,2,2,0,0,9,22,True,False,False,FIRE STARTERS;DANCING FLAMES,WILD FLAMES;SCORCHIN' SIPHON,
2026-10-05T13:45:38+00:00,16000041,LOU,503,503,6,3,0,0,0,0,1,10,False,False,False,,,
2026-10-05T13:45:38+00:00,16000043,EDGAR,1011,1011,9,5,2,2,0,1,12,19,True,True,True,LET'S FLY;HARDCORE,HARD LANDING;FISTICUFFS,
2026-10-05T13:45:38+00:00,16000045,STU,500,500,6,3,0,0,1,0,1,6,False,False,False,,,INFINITRO
2026-10-05T13:45:38+00:00,16000046,BELLE,516,516,6,3,0,0,1,0,6,18,False,False,False,,,MAGNETIC
2026-10-05T13:45:38+00:00,16000048,GROM,503,503,6,3,0,0,0,0,2,20,False,False,False,,,
2026-10-05T13:45:38+00:00,16000049,BUZZ,510,510,6,3,0,0,0,0,4,12,False,False,False,,,
2026-10-05T13:45:38+00:00,16000050,GRIFF,1002,1002,9,5,2,2,0,1,1,15,True,True,True,PIGGY BANK;COIN SHOWER,KEEP THE CHANGE;BUSINESS RESILIENCE,
2026-10-05T13:45:38+00:00,16000051,ASH,507,507,9,3,1,1,0,0,1,7,False,False,False,ROTTEN BANANA,MAD AS HECK,
2026-10-05T13:45:38+00:00,16000053,LOLA,500,500,6,3,0,0,0,0,2,8,False,False,False,,,
2026-10-05T13:45:38+00:00,16000056,EVE,514,514,6,3,0,0,0,0,21,21,False,False,False,,,
2026-10-05T13:45:38+00:00,16000058,BONNIE,507,507,6,3,0,0,1,0,14,14,False,False,False,,,DAREDEVIL
2026-10-05T13:45:38+00:00,16000060,SAM,503,503,6,3,0,0,0,0,12,12,False,False,False,,,
2026-10-05T13:45:38+00:00,16000061,GUS,1022,1022,11,5,2,2,1,1,7,12,True,True,True,KOOKY POPPER;KNOCKBACK SPIRIT,SPIRIT ANIMAL;HEALTH BONANZA,SPOOKY POP
2026-10-05T13:45:38+00:00,16000065,MANDY,504,504,6,3,0,0,0,0,5,13,False,False,False,,,
2026-10-05T13:45:38+00:00,16000068,MAISIE,508,508,6,3,0,0,0,0,1,10,False,False,False,,,
2026-10-05T13:45:38+00:00,16000069,HANK,502,502,6,3,0,0,0,0,5,16,False,False,False,,,
2026-10-05T13:45:38+00:00,16000070,CORDELIUS,507,507,6,3,0,0,0,0,2,15,False,False,False,,,
2026-10-05T13:45:38+00:00,16000072,PEARL,507,507,6,3,0,0,0,0,5,10,False,False,False,,,
2026-10-05T13:45:38+00:00,16000074,CHARLIE,507,507,6,3,0,0,1,0,9,11,False,False,False,,,PESTILENCE
2026-10-05T13:45:38+00:00,16000076,KIT,758,758,9,4,1,1,0,0,1,10,False,False,False,CARDBOARD BOX,POWER HUNGRY,
2026-10-05T13:45:38+00:00,16000077,LARRY & LAWRIE,502,502,6,3,0,0,0,0,3,8,False,False,False,,,
2026-10-05T13:45:38+00:00,16000079,ANGELO,502,502,6,3,0,0,1,0,2,17,False,False,False,,,IN MY ELEMENT
2026-10-05T13:45:38+00:00,16000082,BERRY,510,510,6,3,0,0,0,0,8,8,False,False,False,,,
2026-10-05T13:45:38+00:00,16000086,SHADE,1013,1013,10,5,1,2,1,1,5,13,True,True,True,JUMP SCARE,SPOOKY SPEEDSTER;HARDENED HOODIE,THE FRIGHTENER
2026-10-05T13:45:38+00:00,16000089,MEEPLE,504,504,7,3,1,0,0,0,2,10,False,False,False,RAGEQUIT,,
2026-10-05T13:45:38+00:00,16000090,OLLIE,503,503,6,3,0,0,0,0,5,12,False,False,False,,,
2026-10-05T13:45:38+00:00,16000091,LUMI,1012,1012,9,5,2,2,0,1,10,15,False,False,False,HIT THE LIGHTS;GRIM AND FROSTBITTEN,42% BURNT;HALF-TIME,
2026-10-05T13:45:38+00:00,16000092,FINX,1090,1093,9,5,2,2,1,1,0,34,False,False,False,BACK TO THE FINXTURE;NO ESCAPE,HIEROGLYPH HALT;PRIMER,TEMPORAL TRAVELING
2026-10-05T13:45:38+00:00,16000093,JAE-YONG,517,517,8,3,1,0,0,0,6,18,False,False,False,WEEKEND WARRIOR,,
2026-10-05T13:45:38+00:00,16000094,KAZE,554,554,11,3,2,2,1,0,29,29,False,False,False,GRACIOUS HOST;HENSOJUTSU,ADVANCED TECHNIQUES;GRATUITY INCLUDED,ANCIENT ENERGY
2026-10-05T13:45:38+00:00,16000095,ALLI,759,759,9,4,1,1,0,0,3,10,False,False,False,COLD-BLOODED,"YOU BETTER RUN, YOU BETTER TAKE COVER",
2026-10-05T13:45:38+00:00,16000096,TRUNK,505,505,6,3,0,0,0,0,2,10,False,False,False,,,
2026-10-05T13:45:38+00:00,16000099,PIERCE,321,321,7,2,1,0,0,0,2,8,False,False,False,YOU ONLY BRAWL TWICE,,
2026-10-05T13:45:38+00:00,16000100,GIGI,508,508,6,3,0,0,0,0,6,9,False,False,False,,,
2026-10-05T13:45:38+00:00,16000102,SIRIUS,1000,1000,11,5,1,2,0,1,4,13,False,False,False,A STARR IS BORN,DUSK RUNNERS;THE DARKEST STARR,
2026-10-05T13:45:38+00:00,16000104,DAMIAN,506,506,7,3,2,0,0,0,4,11,False,False,False,SPIRITUAL HEALING;WALL OF SOUND,,
2026-10-05T13:45:38+00:00,16000105,STARR NOVA,1016,1016,11,5,2,2,1,1,6,11,False,False,False,FLOATY TIME;SHINING STARR OF FRIENDSHIP AND JUSTICE,POWER LEVEL: MAXIMUM;MYSTICAL STARR TECHNIQUE,STARR NOVA: THE HYPERCHARGE
2026-10-05T13:45:38+00:00,16000106,BOLT,503,503,6,3,0,0,1,0,5,10,False,False,False,,,BOWLING BOLT
2026-10-05T13:45:38+00:00,16000107,NORI,1003,1003,11,5,2,2,1,1,5,12,False,False,False,SUSHI SNACK;GONNA NEED A BIGGER NET,BIG HAUL;HIS MOTHER'S SON,MASTER FISHERMAN
2026-10-05T13:45:38+00:00,16000108,WENDY,1005,1005,11,5,2,2,1,1,19,19,False,False,False,WIND-POWERED;GREEN GRENADE,SLOWING SHIELD;SOLAR SHIELD,GREEN ENERGY
2026-10-06T12:51:21+00:00,16000000,SHELLY,754,754,7,4,1,0,0,0,9,9,True,False,False,FAST FORWARD,,
2026-10-06T12:51:21+00:00,16000001,COLT,760,760,7,4,1,0,1,0,6,11,False,False,True,SPEEDLOADER,,DUAL WIELDING
2026-10-06T12:51:21+00:00,16000002,BULL,615,615,7,3,1,0,0,0,3,6,False,True,False,STOMPER,,
2026-10-06T12:51:21+00:00,16000003,BROCK,545,545,7,3,1,0,0,0,4,5,False,False,False,ROCKET LACES,,
2026-10-06T12:51:21+00:00,16000004,RICO,505,511,7,3,0,0,1,0,0,8,False,False,False,,,TRICK SHOT KING
2026-10-06T12:51:21+00:00,16000005,SPIKE,506,506,6,3,0,0,0,0,5,7,False,False,False,,,
2026-10-06T12:51:21+00:00,16000006,BARLEY,503,503,6,3,0,0,1,0,1,8,False,False,False,,,BOTTLED-UP RAGE
2026-10-06T12:51:21+00:00,16000007,JESSIE,505,515,6,3,0,0,0,0,0,3,False,False,False,,,
2026-10-06T12:51:21+00:00,16000008,NITA,1000,1025,11,5,2,2,1,1,0,10,True,False,True,FAUX FUR;BEAR PAWS,BEAR WITH ME;HYPER BEAR,HYPERBEARING
2026-10-06T12:51:21+00:00,16000009,DYNAMIKE,506,511,6,3,0,0,1,0,0,6,False,False,False,,,BOOMER
2026-10-06T12:51:21+00:00,16000010,EL PRIMO,500,508,7,3,2,0,1,0,0,6,False,False,False,SUPLEX SUPPLEMENT;ASTEROID BELT,,GRAVITY LEAP
2026-10-06T12:51:21+00:00,16000011,MORTIS,754,754,9,4,2,2,0,0,1,7,False,True,False,COMBO SPINNER;CREATURE OF THE NIGHT,CREEPY HARVEST;COILED SNAKE,
2026-10-06T12:51:21+00:00,16000012,CROW,757,757,9,4,2,2,0,0,16,16,True,False,False,SLOWING TOXIN;INSTAPOISON,EXTRA TOXIC;CARRION CROW,
2026-10-06T12:51:21+00:00,16000013,POCO,504,504,7,3,2,0,0,0,4,4,False,False,False,TUNING FORK;PROTECTIVE TUNES,,
2026-10-06T12:51:21+00:00,16000014,BO,511,511,9,3,2,1,1,0,4,11,False,False,True,SUPER TOTEM;TRIPWIRE,SNARE A BEAR,CATCH A BEAR
2026-10-06T12:51:21+00:00,16000015,PIPER,512,512,6,3,0,0,0,0,12,12,False,False,False,,,
2026-10-06T12:51:21+00:00,16000016,PAM,506,506,6,3,0,0,0,0,2,10,False,False,False,,,
2026-10-06T12:51:21+00:00,16000017,TARA,506,506,7,3,2,0,1,0,3,9,False,False,False,PSYCHIC ENHANCER;SUPPORT FROM BEYOND,,SUPERMASSIVE
2026-10-06T12:51:21+00:00,16000018,DARRYL,770,784,9,4,2,2,1,0,0,12,False,False,False,RECOILING ROTATOR;TAR BARREL,STEEL HOOPS;ROLLING RELOAD,BARREL O' BULLETS
2026-10-06T12:51:21+00:00,16000019,PENNY,514,514,6,3,0,0,0,0,5,5,False,False,False,,,
2026-10-06T12:51:21+00:00,16000020,FRANK,512,512,7,3,2,0,1,0,1,13,False,False,False,ACTIVE NOISE CANCELING;IRRESISTIBLE ATTRACTION,,SEISMIC SMASH
2026-10-06T12:51:21+00:00,16000022,TICK,501,501,6,3,0,0,0,0,3,8,False,False,False,,,
2026-10-06T12:51:21+00:00,16000024,ROSA,552,552,6,3,0,0,0,0,5,8,False,False,False,,,
2026-10-06T12:51:21+00:00,16000025,CARL,510,510,7,3,2,0,1,0,2,3,False,False,False,HEAT EJECTOR;FLYING HOOK,,FLAMESPIN
2026-10-06T12:51:21+00:00,16000026,BIBI,501,501,6,3,0,0,0,0,5,6,False,False,False,,,
2026-10-06T12:51:21+00:00,16000027,8-BIT,1011,1011,11,5,2,2,1,1,10,22,True,True,True,CHEAT CARTRIDGE;EXTRA CREDITS,BOOSTED BOOSTER;PLUGGED IN,AIMBOT
2026-10-06T12:51:21+00:00,16000029,BEA,502,502,7,3,2,0,1,0,2,10,False,False,False,HONEY MOLASSES;RATTLED HIVE,,PROTECT THE QUEEN
2026-10-06T12:51:21+00:00,16000030,EMZ,927,927,9,4,2,2,1,0,10,10,False,False,False,FRIENDZONER;ACID SPRAY,BAD KARMA;HYPE,OVERHYPED HAZE
2026-10-06T12:51:21+00:00,16000032,MAX,522,522,7,3,1,0,1,0,2,8,True,False,False,SNEAKY SNEAKERS,,UNLIMITED ENERGY
2026-10-06T12:51:21+00:00,16000034,JACKY,502,502,6,3,0,0,0,0,2,10,False,False,False,,,
2026-10-06T12:51:21+00:00,16000035,GALE,502,502,8,3,1,0,0,0,2,11,False,False,False,TWISTER,,
2026-10-06T12:51:21+00:00,16000036,NANI,509,509,6,3,0,0,0,0,12,13,False,False,False,,,
2026-10-06T12:51:21+00:00,16000037,SPROUT,128,128,6,1,0,0,1,0,8,8,False,False,False,,,THORNS
2026-10-06T12:51:21+00:00,16000039,COLETTE,531,533,7,3,2,0,0,0,0,12,False,False,False,NA-AH!;GOTCHA!,,
2026-10-06T12:51:21+00:00,16000040,AMBER,753,753,9,4,2,2,0,0,9,22,True,False,False,FIRE STARTERS;DANCING FLAMES,WILD FLAMES;SCORCHIN' SIPHON,
2026-10-06T12:51:21+00:00,16000041,LOU,503,503,6,3,0,0,0,0,1,10,False,False,False,,,
2026-10-06T12:51:21+00:00,16000043,EDGAR,1011,1011,9,5,2,2,0,1,12,19,True,True,True,LET'S FLY;HARDCORE,HARD LANDING;FISTICUFFS,
2026-10-06T12:51:21+00:00,16000045,STU,500,500,6,3,0,0,1,0,1,6,False,False,False,,,INFINITRO
2026-10-06T12:51:21+00:00,16000046,BELLE,516,516,6,3,0,0,1,0,6,18,False,False,False,,,MAGNETIC
2026-10-06T12:51:21+00:00,16000048,GROM,503,503,6,3,0,0,0,0,2,20,False,False,False,,,
2026-10-06T12:51:21+00:00,16000049,BUZZ,510,510,6,3,0,0,0,0,4,12,False,False,False,,,
2026-10-06T12:51:21+00:00,16000050,GRIFF,1002,1002,9,5,2,2,0,1,1,15,True,True,True,PIGGY BANK;COIN SHOWER,KEEP THE CHANGE;BUSINESS RESILIENCE,
2026-10-06T12:51:21+00:00,16000051,ASH,507,507,9,3,1,2,0,0,1,7,False,False,False,ROTTEN BANANA,FIRST BASH;MAD AS HECK,
2026-10-06T12:51:21+00:00,16000053,LOLA,500,500,6,3,0,0,0,0,2,8,False,False,False,,,
2026-10-06T12:51:21+00:00,16000056,EVE,514,514,6,3,0,0,0,0,21,21,False,False,False,,,
2026-10-06T12:51:21+00:00,16000058,BONNIE,507,507,6,3,0,0,1,0,14,14,False,False,False,,,DAREDEVIL
2026-10-06T12:51:21+00:00,16000060,SAM,503,503,6,3,0,0,0,0,12,12,False,False,False,,,
2026-10-06T12:51:21+00:00,16000061,GUS,1022,1022,11,5,2,2,1,1,7,12,True,True,True,KOOKY POPPER;KNOCKBACK SPIRIT,SPIRIT ANIMAL;HEALTH BONANZA,SPOOKY POP
2026-10-06T12:51:21+00:00,16000065,MANDY,504,504,6,3,0,0,0,0,5,13,False,False,False,,,
2026-10-06T12:51:21+00:00,16000068,MAISIE,508,508,6,3,0,0,0,0,1,10,False,False,False,,,
2026-10-06T12:51:21+00:00,16000069,HANK,502,502,6,3,0,0,0,0,5,16,False,False,False,,,
2026-10-06T12:51:21+00:00,16000070,CORDELIUS,507,507,6,3,0,0,0,0,2,15,False,False,False,,,
2026-10-06T12:51:21+00:00,16000072,PEARL,507,507,6,3,0,0,0,0,5,10,False,False,False,,,
2026-10-06T12:51:21+00:00,16000074,CHARLIE,507,507,6,3,0,0,1,0,9,11,False,False,False,,,PESTILENCE
2026-10-06T12:51:21+00:00,16000076,KIT,758,758,9,4,1,1,0,0,1,10,False,False,False,CARDBOARD BOX,POWER HUNGRY,
2026-10-06T12:51:21+00:00,16000077,LARRY & LAWRIE,502,502,6,3,0,0,0,0,3,8,False,False,False,,,
2026-10-06T12:51:21+00:00,16000079,ANGELO,502,502,6,3,0,0,1,0,2,17,False,False,False,,,IN MY ELEMENT
2026-10-06T12:51:21+00:00,16000082,BERRY,510,510,6,3,0,0,0,0,8,8,False,False,False,,,
2026-10-06T12:51:21+00:00,16000086,SHADE,1013,1013,11,5,1,2,1,1,5,13,True,True,True,JUMP SCARE,SPOOKY SPEEDSTER;HARDENED HOODIE,THE FRIGHTENER
2026-10-06T12:51:21+00:00,16000089,MEEPLE,504,504,7,3,1,0,0,0,2,10,False,False,False,RAGEQUIT,,
2026-10-06T12:51:21+00:00,16000090,OLLIE,503,503,6,3,0,0,0,0,5,12,False,False,False,,,
2026-10-06T12:51:21+00:00,16000091,LUMI,1012,1012,9,5,2,2,0,1,10,15,False,False,False,HIT THE LIGHTS;GRIM AND FROSTBITTEN,42% BURNT;HALF-TIME,
2026-10-06T12:51:21+00:00,16000092,FINX,1090,1093,9,5,2,2,1,1,0,34,False,False,False,BACK TO THE FINXTURE;NO ESCAPE,HIEROGLYPH HALT;PRIMER,TEMPORAL TRAVELING
2026-10-06T12:51:21+00:00,16000093,JAE-YONG,517,517,8,3,1,0,0,0,6,18,False,False,False,WEEKEND WARRIOR,,
2026-10-06T12:51:21+00:00,16000094,KAZE,554,554,11,3,2,2,1,0,29,29,False,False,False,GRACIOUS HOST;HENSOJUTSU,ADVANCED TECHNIQUES;GRATUITY INCLUDED,ANCIENT ENERGY
2026-10-06T12:51:21+00:00,16000095,ALLI,759,759,9,4,1,1,0,0,3,10,False,False,False,COLD-BLOODED,"YOU BETTER RUN, YOU BETTER TAKE COVER",
2026-10-06T12:51:21+00:00,16000096,TRUNK,505,505,6,3,0,0,0,0,2,10,False,False,False,,,
2026-10-06T12:51:21+00:00,16000099,PIERCE,510,510,7,3,1,0,0,0,7,8,False,False,False,YOU ONLY BRAWL TWICE,,
2026-10-06T12:51:21+00:00,16000100,GIGI,508,508,6,3,0,0,0,0,6,9,False,False,False,,,
2026-10-06T12:51:21+00:00,16000102,SIRIUS,1000,1000,11,5,1,2,0,1,4,13,False,False,False,A STARR IS BORN,DUSK RUNNERS;THE DARKEST STARR,
2026-10-06T12:51:21+00:00,16000104,DAMIAN,506,506,7,3,2,0,0,0,4,11,False,False,False,SPIRITUAL HEALING;WALL OF SOUND,,
2026-10-06T12:51:21+00:00,16000105,STARR NOVA,1016,1016,11,5,2,2,1,1,6,11,False,False,False,FLOATY TIME;SHINING STARR OF FRIENDSHIP AND JUSTICE,POWER LEVEL: MAXIMUM;MYSTICAL STARR TECHNIQUE,STARR NOVA: THE HYPERCHARGE
2026-10-06T12:51:21+00:00,16000106,BOLT,503,503,6,3,0,0,1,0,5,10,False,False,False,,,BOWLING BOLT
2026-10-06T12:51:21+00:00,16000107,NORI,1003,1003,11,5,2,2,1,1,5,12,False,False,False,SUSHI SNACK;GONNA NEED A BIGGER NET,BIG HAUL;HIS MOTHER'S SON,MASTER FISHERMAN
2026-10-06T12:51:21+00:00,16000108,WENDY,1005,1005,11,5,2,2,1,1,19,19,False,False,False,WIND-POWERED;GREEN GRENADE,SLOWING SHIELD;SOLAR SHIELD,GREEN ENERGY
2026-10-07T12:45:26+00:00,16000000,SHELLY,754,754,7,4,1,0,0,0,9,9,True,False,False,FAST FORWARD,,
2026-10-07T12:45:26+00:00,16000001,COLT,760,760,7,4,1,0,1,0,6,11,False,False,True,SPEEDLOADER,,DUAL WIELDING
2026-10-07T12:45:26+00:00,16000002,BULL,752,752,7,4,1,0,0,0,1,6,False,True,False,STOMPER,,
2026-10-07T12:45:26+00:00,16000003,BROCK,750,750,7,4,1,0,0,0,4,8,False,False,False,ROCKET LACES,,
2026-10-07T12:45:26+00:00,16000004,RICO,505,511,7,3,0,0,1,0,0,8,False,False,False,,,TRICK SHOT KING
2026-10-07T12:45:26+00:00,16000005,SPIKE,557,557,6,3,0,0,0,0,5,7,False,False,False,,,
2026-10-07T12:45:26+00:00,16000006,BARLEY,503,503,6,3,0,0,1,0,1,8,False,False,False,,,BOTTLED-UP RAGE
2026-10-07T12:45:26+00:00,16000007,JESSIE,505,515,6,3,0,0,0,0,0,3,False,False,False,,,
2026-10-07T12:45:26+00:00,16000008,NITA,1000,1025,11,5,2,2,1,1,0,10,True,False,True,FAUX FUR;BEAR PAWS,BEAR WITH ME;HYPER BEAR,HYPERBEARING
2026-10-07T12:45:26+00:00,16000009,DYNAMIKE,506,511,6,3,0,0,1,0,0,6,False,False,False,,,BOOMER
2026-10-07T12:45:26+00:00,16000010,EL PRIMO,753,753,7,4,2,0,1,0,1,8,False,False,False,SUPLEX SUPPLEMENT;ASTEROID BELT,,GRAVITY LEAP
2026-10-07T12:45:26+00:00,16000011,MORTIS,754,754,9,4,2,2,0,0,1,7,False,True,False,COMBO SPINNER;CREATURE OF THE NIGHT,CREEPY HARVEST;COILED SNAKE,
2026-10-07T12:45:26+00:00,16000012,CROW,757,757,9,4,2,2,0,0,16,16,True,False,False,SLOWING TOXIN;INSTAPOISON,EXTRA TOXIC;CARRION CROW,
2026-10-07T12:45:26+00:00,16000013,POCO,567,567,7,3,2,0,0,0,1,7,False,False,False,TUNING FORK;PROTECTIVE TUNES,,
2026-10-07T12:45:26+00:00,16000014,BO,511,511,9,3,2,1,1,0,4,11,False,False,True,SUPER TOTEM;TRIPWIRE,SNARE A BEAR,CATCH A BEAR
2026-10-07T12:45:26+00:00,16000015,PIPER,512,512,6,3,0,0,0,0,12,12,False,False,False,,,
2026-10-07T12:45:26+00:00,16000016,PAM,506,506,6,3,0,0,0,0,2,10,False,False,False,,,
2026-10-07T12:45:26+00:00,16000017,TARA,506,506,7,3,2,0,1,0,3,9,False,False,False,PSYCHIC ENHANCER;SUPPORT FROM BEYOND,,SUPERMASSIVE
2026-10-07T12:45:26+00:00,16000018,DARRYL,770,784,9,4,2,2,1,0,0,12,False,False,False,RECOILING ROTATOR;TAR BARREL,STEEL HOOPS;ROLLING RELOAD,BARREL O' BULLETS
2026-10-07T12:45:26+00:00,16000019,PENNY,514,514,6,3,0,0,0,0,5,5,False,False,False,,,
2026-10-07T12:45:26+00:00,16000020,FRANK,512,512,7,3,2,0,1,0,1,13,False,False,False,ACTIVE NOISE CANCELING;IRRESISTIBLE ATTRACTION,,SEISMIC SMASH
2026-10-07T12:45:26+00:00,16000022,TICK,501,501,6,3,0,0,0,0,3,8,False,False,False,,,
2026-10-07T12:45:26+00:00,16000024,ROSA,552,552,6,3,0,0,0,0,5,8,False,False,False,,,
2026-10-07T12:45:26+00:00,16000025,CARL,510,510,7,3,2,0,1,0,2,3,False,False,False,HEAT EJECTOR;FLYING HOOK,,FLAMESPIN
2026-10-07T12:45:26+00:00,16000026,BIBI,501,501,6,3,0,0,0,0,5,6,False,False,False,,,
2026-10-07T12:45:26+00:00,16000027,8-BIT,1011,1011,11,5,2,2,1,1,10,22,True,True,True,CHEAT CARTRIDGE;EXTRA CREDITS,BOOSTED BOOSTER;PLUGGED IN,AIMBOT
2026-10-07T12:45:26+00:00,16000029,BEA,502,502,7,3,2,0,1,0,2,10,False,False,False,HONEY MOLASSES;RATTLED HIVE,,PROTECT THE QUEEN
2026-10-07T12:45:26+00:00,16000030,EMZ,927,927,9,4,2,2,1,0,10,10,False,False,False,FRIENDZONER;ACID SPRAY,BAD KARMA;HYPE,OVERHYPED HAZE
2026-10-07T12:45:26+00:00,16000032,MAX,522,522,7,3,1,0,1,0,2,8,True,False,False,SNEAKY SNEAKERS,,UNLIMITED ENERGY
2026-10-07T12:45:26+00:00,16000034,JACKY,502,502,6,3,0,0,0,0,2,10,False,False,False,,,
2026-10-07T12:45:26+00:00,16000035,GALE,502,502,8,3,1,0,0,0,2,11,False,False,False,TWISTER,,
2026-10-07T12:45:26+00:00,16000036,NANI,509,509,6,3,0,0,0,0,12,13,False,False,False,,,
2026-10-07T12:45:26+00:00,16000037,SPROUT,128,128,6,1,0,0,1,0,8,8,False,False,False,,,THORNS
2026-10-07T12:45:26+00:00,16000039,COLETTE,531,533,7,3,2,0,0,0,0,12,False,False,False,NA-AH!;GOTCHA!,,
2026-10-07T12:45:26+00:00,16000040,AMBER,753,753,9,4,2,2,0,0,9,22,True,False,False,FIRE STARTERS;DANCING FLAMES,WILD FLAMES;SCORCHIN' SIPHON,
2026-10-07T12:45:26+00:00,16000041,LOU,503,503,6,3,0,0,0,0,1,10,False,False,False,,,
2026-10-07T12:45:26+00:00,16000043,EDGAR,1011,1011,9,5,2,2,0,1,12,19,True,True,True,LET'S FLY;HARDCORE,HARD LANDING;FISTICUFFS,
2026-10-07T12:45:26+00:00,16000045,STU,500,500,6,3,0,0,1,0,1,6,False,False,False,,,INFINITRO
2026-10-07T12:45:26+00:00,16000046,BELLE,516,516,6,3,0,0,1,0,6,18,False,False,False,,,MAGNETIC
2026-10-07T12:45:26+00:00,16000048,GROM,503,503,6,3,0,0,0,0,2,20,False,False,False,,,
2026-10-07T12:45:26+00:00,16000049,BUZZ,510,510,6,3,0,0,0,0,4,12,False,False,False,,,
2026-10-07T12:45:26+00:00,16000050,GRIFF,1002,1002,9,5,2,2,0,1,1,15,True,True,True,PIGGY BANK;COIN SHOWER,KEEP THE CHANGE;BUSINESS RESILIENCE,
2026-10-07T12:45:26+00:00,16000051,ASH,507,507,9,3,1,2,0,0,1,7,False,False,False,ROTTEN BANANA,FIRST BASH;MAD AS HECK,
2026-10-07T12:45:26+00:00,16000053,LOLA,500,500,6,3,0,0,0,0,2,8,False,False,False,,,
2026-10-07T12:45:26+00:00,16000056,EVE,514,514,6,3,0,0,0,0,21,21,False,False,False,,,
2026-10-07T12:45:26+00:00,16000058,BONNIE,507,507,6,3,0,0,1,0,14,14,False,False,False,,,DAREDEVIL
2026-10-07T12:45:26+00:00,16000060,SAM,503,503,6,3,0,0,0,0,12,12,False,False,False,,,
2026-10-07T12:45:26+00:00,16000061,GUS,1022,1022,11,5,2,2,1,1,7,12,True,True,True,KOOKY POPPER;KNOCKBACK SPIRIT,SPIRIT ANIMAL;HEALTH BONANZA,SPOOKY POP
2026-10-07T12:45:26+00:00,16000065,MANDY,504,504,6,3,0,0,0,0,5,13,False,False,False,,,
2026-10-07T12:45:26+00:00,16000068,MAISIE,508,508,6,3,0,0,0,0,1,10,False,False,False,,,
2026-10-07T12:45:26+00:00,16000069,HANK,502,502,6,3,0,0,0,0,5,16,False,False,False,,,
2026-10-07T12:45:26+00:00,16000070,CORDELIUS,507,507,6,3,0,0,0,0,2,15,False,False,False,,,
2026-10-07T12:45:26+00:00,16000071,DOUG,289,290,6,2,0,0,0,0,0,9,False,False,False,,,
2026-10-07T12:45:26+00:00,16000072,PEARL,507,507,6,3,0,0,0,0,5,10,False,False,False,,,
2026-10-07T12:45:26+00:00,16000074,CHARLIE,507,507,6,3,0,0,1,0,9,11,False,False,False,,,PESTILENCE
2026-10-07T12:45:26+00:00,16000076,KIT,758,758,9,4,1,1,0,0,1,10,False,False,False,CARDBOARD BOX,POWER HUNGRY,
2026-10-07T12:45:26+00:00,16000077,LARRY & LAWRIE,502,502,6,3,0,0,0,0,3,8,False,False,False,,,
2026-10-07T12:45:26+00:00,16000079,ANGELO,502,502,6,3,0,0,1,0,2,17,False,False,False,,,IN MY ELEMENT
2026-10-07T12:45:26+00:00,16000082,BERRY,510,510,6,3,0,0,0,0,8,8,False,False,False,,,
2026-10-07T12:45:26+00:00,16000086,SHADE,1013,1013,11,5,2,2,1,1,5,13,True,True,True,LONGARMS;JUMP SCARE,SPOOKY SPEEDSTER;HARDENED HOODIE,THE FRIGHTENER
2026-10-07T12:45:26+00:00,16000089,MEEPLE,504,504,7,3,1,0,0,0,2,10,False,False,False,RAGEQUIT,,
2026-10-07T12:45:26+00:00,16000090,OLLIE,503,503,6,3,0,0,0,0,5,12,False,False,False,,,
2026-10-07T12:45:26+00:00,16000091,LUMI,1012,1012,9,5,2,2,0,1,10,15,False,False,False,HIT THE LIGHTS;GRIM AND FROSTBITTEN,42% BURNT;HALF-TIME,
2026-10-07T12:45:26+00:00,16000092,FINX,1090,1093,9,5,2,2,1,1,0,34,False,False,False,BACK TO THE FINXTURE;NO ESCAPE,HIEROGLYPH HALT;PRIMER,TEMPORAL TRAVELING
2026-10-07T12:45:26+00:00,16000093,JAE-YONG,517,517,8,3,1,0,0,0,6,18,False,False,False,WEEKEND WARRIOR,,
2026-10-07T12:45:26+00:00,16000094,KAZE,554,554,11,3,2,2,1,0,29,29,False,False,False,GRACIOUS HOST;HENSOJUTSU,ADVANCED TECHNIQUES;GRATUITY INCLUDED,ANCIENT ENERGY
2026-10-07T12:45:26+00:00,16000095,ALLI,759,759,9,4,1,1,0,0,3,10,False,False,False,COLD-BLOODED,"YOU BETTER RUN, YOU BETTER TAKE COVER",
2026-10-07T12:45:26+00:00,16000096,TRUNK,505,505,6,3,0,0,0,0,2,10,False,False,False,,,
2026-10-07T12:45:26+00:00,16000099,PIERCE,510,510,7,3,1,0,0,0,7,8,False,False,False,YOU ONLY BRAWL TWICE,,
2026-10-07T12:45:26+00:00,16000100,GIGI,508,508,6,3,0,0,0,0,6,9,False,False,False,,,
2026-10-07T12:45:26+00:00,16000102,SIRIUS,1000,1000,11,5,1,2,0,1,4,13,False,False,False,A STARR IS BORN,DUSK RUNNERS;THE DARKEST STARR,
2026-10-07T12:45:26+00:00,16000104,DAMIAN,506,506,7,3,2,0,0,0,4,11,False,False,False,SPIRITUAL HEALING;WALL OF SOUND,,
2026-10-07T12:45:26+00:00,16000105,STARR NOVA,1016,1016,11,5,2,2,1,1,6,11,False,False,False,FLOATY TIME;SHINING STARR OF FRIENDSHIP AND JUSTICE,POWER LEVEL: MAXIMUM;MYSTICAL STARR TECHNIQUE,STARR NOVA: THE HYPERCHARGE
2026-10-07T12:45:26+00:00,16000106,BOLT,503,503,6,3,0,0,1,0,5,10,False,False,False,,,BOWLING BOLT
2026-10-07T12:45:26+00:00,16000107,NORI,1003,1003,11,5,2,2,1,1,5,12,False,False,False,SUSHI SNACK;GONNA NEED A BIGGER NET,BIG HAUL;HIS MOTHER'S SON,MASTER FISHERMAN
2026-10-07T12:45:26+00:00,16000108,WENDY,1005,1005,11,5,2,2,1,1,19,19,False,False,False,WIND-POWERED;GREEN GRENADE,SLOWING SHIELD;SOLAR SHIELD,GREEN ENERGY
2026-10-08T12:54:17+00:00,16000000,SHELLY,754,754,7,4,1,0,0,0,9,9,True,False,False,FAST FORWARD,,
2026-10-08T12:54:17+00:00,16000001,COLT,760,760,7,4,1,0,1,0,6,11,False,False,True,SPEEDLOADER,,DUAL WIELDING
2026-10-08T12:54:17+00:00,16000002,BULL,752,752,7,4,1,0,0,0,1,6,False,True,False,STOMPER,,
2026-10-08T12:54:17+00:00,16000003,BROCK,750,750,7,4,1,0,0,0,4,8,False,False,False,ROCKET LACES,,
2026-10-08T12:54:17+00:00,16000004,RICO,505,511,7,3,0,0,1,0,0,8,False,False,False,,,TRICK SHOT KING
2026-10-08T12:54:17+00:00,16000005,SPIKE,557,557,6,3,0,0,0,0,5,7,False,False,False,,,
2026-10-08T12:54:17+00:00,16000006,BARLEY,503,503,6,3,0,0,1,0,1,8,False,False,False,,,BOTTLED-UP RAGE
2026-10-08T12:54:17+00:00,16000007,JESSIE,505,515,6,3,0,0,0,0,0,3,False,False,False,,,
2026-10-08T12:54:17+00:00,16000008,NITA,1000,1025,11,5,2,2,1,1,0,10,True,False,True,FAUX FUR;BEAR PAWS,BEAR WITH ME;HYPER BEAR,HYPERBEARING
2026-10-08T12:54:17+00:00,16000009,DYNAMIKE,506,511,6,3,0,0,1,0,0,6,False,False,False,,,BOOMER
2026-10-08T12:54:17+00:00,16000010,EL PRIMO,753,753,7,4,2,0,1,0,1,8,False,False,False,SUPLEX SUPPLEMENT;ASTEROID BELT,,GRAVITY LEAP
2026-10-08T12:54:17+00:00,16000011,MORTIS,754,754,9,4,2,2,0,0,1,7,False,True,False,COMBO SPINNER;CREATURE OF THE NIGHT,CREEPY HARVEST;COILED SNAKE,
2026-10-08T12:54:17+00:00,16000012,CROW,757,757,9,4,2,2,0,0,16,16,True,False,False,SLOWING TOXIN;INSTAPOISON,EXTRA TOXIC;CARRION CROW,
2026-10-08T12:54:17+00:00,16000013,POCO,567,567,7,3,2,0,0,0,1,7,False,False,False,TUNING FORK;PROTECTIVE TUNES,,
2026-10-08T12:54:17+00:00,16000014,BO,511,511,9,3,2,1,1,0,4,11,False,False,True,SUPER TOTEM;TRIPWIRE,SNARE A BEAR,CATCH A BEAR
2026-10-08T12:54:17+00:00,16000015,PIPER,512,512,6,3,0,0,0,0,12,12,False,False,False,,,
2026-10-08T12:54:17+00:00,16000016,PAM,506,506,6,3,0,0,0,0,2,10,False,False,False,,,
2026-10-08T12:54:17+00:00,16000017,TARA,506,506,7,3,2,0,1,0,3,9,False,False,False,PSYCHIC ENHANCER;SUPPORT FROM BEYOND,,SUPERMASSIVE
2026-10-08T12:54:17+00:00,16000018,DARRYL,770,784,9,4,2,2,1,0,0,12,False,False,False,RECOILING ROTATOR;TAR BARREL,STEEL HOOPS;ROLLING RELOAD,BARREL O' BULLETS
2026-10-08T12:54:17+00:00,16000019,PENNY,514,514,6,3,0,0,0,0,5,5,False,False,False,,,
2026-10-08T12:54:17+00:00,16000020,FRANK,512,512,7,3,2,0,1,0,1,13,False,False,False,ACTIVE NOISE CANCELING;IRRESISTIBLE ATTRACTION,,SEISMIC SMASH
2026-10-08T12:54:17+00:00,16000022,TICK,501,501,6,3,0,0,0,0,3,8,False,False,False,,,
2026-10-08T12:54:17+00:00,16000024,ROSA,552,552,6,3,0,0,0,0,5,8,False,False,False,,,
2026-10-08T12:54:17+00:00,16000025,CARL,510,510,7,3,2,0,1,0,2,3,False,False,False,HEAT EJECTOR;FLYING HOOK,,FLAMESPIN
2026-10-08T12:54:17+00:00,16000026,BIBI,501,501,6,3,0,0,0,0,5,6,False,False,False,,,
2026-10-08T12:54:17+00:00,16000027,8-BIT,1011,1011,11,5,2,2,1,1,10,22,True,True,True,CHEAT CARTRIDGE;EXTRA CREDITS,BOOSTED BOOSTER;PLUGGED IN,AIMBOT
2026-10-08T12:54:17+00:00,16000029,BEA,502,502,7,3,2,0,1,0,2,10,False,False,False,HONEY MOLASSES;RATTLED HIVE,,PROTECT THE QUEEN
2026-10-08T12:54:17+00:00,16000030,EMZ,927,927,9,4,2,2,1,0,10,10,False,False,False,FRIENDZONER;ACID SPRAY,BAD KARMA;HYPE,OVERHYPED HAZE
2026-10-08T12:54:17+00:00,16000032,MAX,522,522,7,3,1,0,1,0,2,8,True,False,False,SNEAKY SNEAKERS,,UNLIMITED ENERGY
2026-10-08T12:54:17+00:00,16000034,JACKY,502,502,6,3,0,0,0,0,2,10,False,False,False,,,
2026-10-08T12:54:17+00:00,16000035,GALE,502,502,8,3,1,0,0,0,2,11,False,False,False,TWISTER,,
2026-10-08T12:54:17+00:00,16000036,NANI,509,509,6,3,0,0,0,0,12,13,False,False,False,,,
2026-10-08T12:54:17+00:00,16000037,SPROUT,128,128,6,1,0,0,1,0,8,8,False,False,False,,,THORNS
2026-10-08T12:54:17+00:00,16000039,COLETTE,531,533,7,3,2,0,0,0,0,12,False,False,False,NA-AH!;GOTCHA!,,
2026-10-08T12:54:17+00:00,16000040,AMBER,753,753,9,4,2,2,0,0,9,22,True,False,False,FIRE STARTERS;DANCING FLAMES,WILD FLAMES;SCORCHIN' SIPHON,
2026-10-08T12:54:17+00:00,16000041,LOU,503,503,6,3,0,0,0,0,1,10,False,False,False,,,
2026-10-08T12:54:17+00:00,16000043,EDGAR,1011,1011,9,5,2,2,0,1,12,19,True,True,True,LET'S FLY;HARDCORE,HARD LANDING;FISTICUFFS,
2026-10-08T12:54:17+00:00,16000045,STU,500,500,6,3,0,0,1,0,1,6,False,False,False,,,INFINITRO
2026-10-08T12:54:17+00:00,16000046,BELLE,516,516,6,3,0,0,1,0,6,18,False,False,False,,,MAGNETIC
2026-10-08T12:54:17+00:00,16000048,GROM,503,503,6,3,0,0,0,0,2,20,False,False,False,,,
2026-10-08T12:54:17+00:00,16000049,BUZZ,510,510,6,3,0,0,0,0,4,12,False,False,False,,,
2026-10-08T12:54:17+00:00,16000050,GRIFF,1002,1002,9,5,2,2,0,1,1,15,True,True,True,PIGGY BANK;COIN SHOWER,KEEP THE CHANGE;BUSINESS RESILIENCE,
2026-10-08T12:54:17+00:00,16000051,ASH,507,507,9,3,1,2,0,0,1,7,False,False,False,ROTTEN BANANA,FIRST BASH;MAD AS HECK,
2026-10-08T12:54:17+00:00,16000053,LOLA,500,500,6,3,0,0,0,0,2,8,False,False,False,,,
2026-10-08T12:54:17+00:00,16000056,EVE,514,514,6,3,0,0,0,0,21,21,False,False,False,,,
2026-10-08T12:54:17+00:00,16000058,BONNIE,507,507,6,3,0,0,1,0,14,14,False,False,False,,,DAREDEVIL
2026-10-08T12:54:17+00:00,16000060,SAM,503,503,6,3,0,0,0,0,12,12,False,False,False,,,
2026-10-08T12:54:17+00:00,16000061,GUS,1022,1022,11,5,2,2,1,1,7,12,True,True,True,KOOKY POPPER;KNOCKBACK SPIRIT,SPIRIT ANIMAL;HEALTH BONANZA,SPOOKY POP
2026-10-08T12:54:17+00:00,16000065,MANDY,504,504,6,3,0,0,0,0,5,13,False,False,False,,,
2026-10-08T12:54:17+00:00,16000068,MAISIE,508,508,6,3,0,0,0,0,1,10,False,False,False,,,
2026-10-08T12:54:17+00:00,16000069,HANK,502,502,6,3,0,0,0,0,5,16,False,False,False,,,
2026-10-08T12:54:17+00:00,16000070,CORDELIUS,507,507,6,3,0,0,0,0,2,15,False,False,False,,,
2026-10-08T12:54:17+00:00,16000071,DOUG,717,717,8,3,1,0,0,0,2,10,False,False,False,EXTRA MUSTARD,,
2026-10-08T12:54:17+00:00,16000072,PEARL,507,507,6,3,0,0,0,0,5,10,False,False,False,,,
2026-10-08T12:54:17+00:00,16000074,CHARLIE,507,507,6,3,0,0,1,0,9,11,False,False,False,,,PESTILENCE
2026-10-08T12:54:17+00:00,16000076,KIT,758,758,9,4,1,1,0,0,1,10,False,False,False,CARDBOARD BOX,POWER HUNGRY,
2026-10-08T12:54:17+00:00,16000077,LARRY & LAWRIE,502,502,6,3,0,0,0,0,3,8,False,False,False,,,
2026-10-08T12:54:17+00:00,16000079,ANGELO,502,502,6,3,0,0,1,0,2,17,False,False,False,,,IN MY ELEMENT
2026-10-08T12:54:17+00:00,16000081,LILY,0,0,7,1,1,0,0,0,0,0,False,False,False,VANISH,,
2026-10-08T12:54:17+00:00,16000082,BERRY,510,510,6,3,0,0,0,0,8,8,False,False,False,,,
2026-10-08T12:54:17+00:00,16000086,SHADE,1013,1013,11,5,2,2,1,1,5,13,True,True,True,LONGARMS;JUMP SCARE,SPOOKY SPEEDSTER;HARDENED HOODIE,THE FRIGHTENER
2026-10-08T12:54:17+00:00,16000087,JUJU,0,0,6,1,0,0,0,0,0,0,False,False,False,,,
2026-10-08T12:54:17+00:00,16000089,MEEPLE,504,504,7,3,1,0,0,0,2,10,False,False,False,RAGEQUIT,,
2026-10-08T12:54:17+00:00,16000090,OLLIE,503,503,6,3,0,0,0,0,5,12,False,False,False,,,
2026-10-08T12:54:17+00:00,16000091,LUMI,1012,1012,9,5,2,2,0,1,10,15,False,False,False,HIT THE LIGHTS;GRIM AND FROSTBITTEN,42% BURNT;HALF-TIME,
2026-10-08T12:54:17+00:00,16000092,FINX,1090,1093,9,5,2,2,1,1,0,34,False,False,False,BACK TO THE FINXTURE;NO ESCAPE,HIEROGLYPH HALT;PRIMER,TEMPORAL TRAVELING
2026-10-08T12:54:17+00:00,16000093,JAE-YONG,517,517,8,3,1,0,0,0,6,18,False,False,False,WEEKEND WARRIOR,,
2026-10-08T12:54:17+00:00,16000094,KAZE,554,554,11,3,2,2,1,0,29,29,False,False,False,GRACIOUS HOST;HENSOJUTSU,ADVANCED TECHNIQUES;GRATUITY INCLUDED,ANCIENT ENERGY
2026-10-08T12:54:17+00:00,16000095,ALLI,759,759,9,4,1,1,0,0,3,10,False,False,False,COLD-BLOODED,"YOU BETTER RUN, YOU BETTER TAKE COVER",
2026-10-08T12:54:17+00:00,16000096,TRUNK,505,505,6,3,0,0,0,0,2,10,False,False,False,,,
2026-10-08T12:54:17+00:00,16000099,PIERCE,510,510,7,3,1,0,0,0,7,8,False,False,False,YOU ONLY BRAWL TWICE,,
2026-10-08T12:54:17+00:00,16000100,GIGI,508,508,6,3,0,0,0,0,6,9,False,False,False,,,
2026-10-08T12:54:17+00:00,16000102,SIRIUS,1000,1000,11,5,1,2,0,1,4,13,False,False,False,A STARR IS BORN,DUSK RUNNERS;THE DARKEST STARR,
2026-10-08T12:54:17+00:00,16000104,DAMIAN,506,506,7,3,2,0,0,0,4,11,False,False,False,SPIRITUAL HEALING;WALL OF SOUND,,
2026-10-08T12:54:17+00:00,16000105,STARR NOVA,1016,1016,11,5,2,2,1,1,6,11,False,False,False,FLOATY TIME;SHINING STARR OF FRIENDSHIP AND JUSTICE,POWER LEVEL: MAXIMUM;MYSTICAL STARR TECHNIQUE,STARR NOVA: THE HYPERCHARGE
2026-10-08T12:54:17+00:00,16000106,BOLT,503,503,6,3,0,0,1,0,5,10,False,False,False,,,BOWLING BOLT
2026-10-08T12:54:17+00:00,16000107,NORI,1003,1003,11,5,2,2,1,1,5,12,False,False,False,SUSHI SNACK;GONNA NEED A BIGGER NET,BIG HAUL;HIS MOTHER'S SON,MASTER FISHERMAN
2026-10-08T12:54:17+00:00,16000108,WENDY,1005,1005,11,5,2,2,1,1,19,19,False,False,False,WIND-POWERED;GREEN GRENADE,SLOWING SHIELD;SOLAR SHIELD,GREEN ENERGY
